angry0,angry1,box0,box1,disgust0,disgust1,fear0,fear1,happy0,happy1,neutral0,neutral1,sad0,sad1,surprise0,surprise1
0.09,,"[84, 87, 228, 304]",,0.0,,0.31,,0.01,,0.41,,0.13,,0.06,
0.05,,"[84, 88, 229, 305]",,0.0,,0.16,,0.0,,0.61,,0.13,,0.04,
0.07,,"[85, 88, 228, 304]",,0.0,,0.23,,0.0,,0.49,,0.13,,0.07,
0.05,,"[85, 89, 229, 304]",,0.0,,0.12,,0.01,,0.69,,0.1,,0.03,
0.06,,"[85, 88, 230, 305]",,0.0,,0.12,,0.01,,0.66,,0.1,,0.05,
0.05,,"[86, 88, 229, 305]",,0.0,,0.12,,0.0,,0.7,,0.09,,0.04,
0.08,,"[85, 87, 230, 305]",,0.0,,0.25,,0.0,,0.44,,0.12,,0.11,
0.05,,"[85, 88, 231, 306]",,0.0,,0.11,,0.01,,0.69,,0.11,,0.04,
0.04,,"[85, 88, 231, 306]",,0.0,,0.11,,0.01,,0.71,,0.1,,0.04,
0.07,,"[87, 88, 228, 304]",,0.0,,0.21,,0.0,,0.53,,0.1,,0.08,
0.08,,"[87, 88, 229, 304]",,0.0,,0.18,,0.0,,0.54,,0.12,,0.07,
0.05,,"[86, 88, 229, 304]",,0.0,,0.19,,0.0,,0.6,,0.09,,0.07,
0.05,,"[86, 88, 229, 304]",,0.0,,0.19,,0.0,,0.6,,0.09,,0.07,
0.03,,"[87, 88, 229, 305]",,0.0,,0.11,,0.01,,0.74,,0.08,,0.04,
0.06,,"[87, 89, 228, 302]",,0.0,,0.21,,0.01,,0.55,,0.09,,0.09,
0.04,,"[87, 89, 228, 303]",,0.0,,0.12,,0.01,,0.71,,0.08,,0.06,
0.04,,"[86, 89, 229, 303]",,0.0,,0.16,,0.01,,0.67,,0.07,,0.06,
0.04,,"[87, 89, 229, 303]",,0.0,,0.15,,0.01,,0.66,,0.08,,0.07,
0.04,,"[87, 89, 229, 303]",,0.0,,0.14,,0.01,,0.66,,0.08,,0.07,
0.04,,"[87, 88, 229, 304]",,0.0,,0.13,,0.01,,0.67,,0.09,,0.06,
0.04,,"[87, 88, 229, 304]",,0.0,,0.13,,0.01,,0.67,,0.1,,0.06,
0.05,0.06,"[87, 88, 229, 304]","[341, 222, 60, 92]",0.0,0.0,0.12,0.23,0.01,0.14,0.69,0.2,0.08,0.32,0.05,0.04
0.05,0.06,"[87, 88, 229, 304]","[341, 222, 60, 92]",0.0,0.0,0.13,0.23,0.01,0.15,0.69,0.2,0.08,0.32,0.05,0.05
0.07,,"[87, 87, 229, 304]",,0.0,,0.2,,0.0,,0.52,,0.1,,0.11,
0.05,,"[87, 89, 228, 302]",,0.0,,0.14,,0.01,,0.62,,0.08,,0.11,
0.05,,"[87, 87, 229, 305]",,0.0,,0.15,,0.01,,0.62,,0.1,,0.08,
0.05,,"[87, 87, 229, 305]",,0.0,,0.15,,0.01,,0.62,,0.1,,0.08,
0.04,,"[88, 88, 228, 304]",,0.0,,0.09,,0.01,,0.76,,0.07,,0.04,
0.04,,"[87, 88, 229, 304]",,0.0,,0.09,,0.01,,0.76,,0.07,,0.03,
0.04,,"[88, 85, 229, 309]",,0.0,,0.08,,0.0,,0.76,,0.07,,0.03,
0.04,,"[88, 85, 230, 310]",,0.0,,0.07,,0.01,,0.78,,0.08,,0.03,
0.04,,"[88, 85, 230, 309]",,0.0,,0.06,,0.01,,0.79,,0.08,,0.03,
0.04,,"[88, 84, 230, 310]",,0.0,,0.07,,0.0,,0.79,,0.07,,0.03,
0.04,,"[88, 85, 229, 309]",,0.0,,0.08,,0.0,,0.77,,0.08,,0.03,
0.04,,"[88, 85, 229, 309]",,0.0,,0.08,,0.0,,0.77,,0.07,,0.03,
0.03,,"[88, 86, 229, 308]",,0.0,,0.07,,0.0,,0.78,,0.08,,0.03,
0.04,,"[88, 86, 229, 308]",,0.0,,0.08,,0.0,,0.76,,0.09,,0.04,
0.05,,"[88, 86, 229, 307]",,0.0,,0.09,,0.0,,0.75,,0.08,,0.03,
0.05,,"[88, 86, 229, 307]",,0.0,,0.09,,0.0,,0.75,,0.08,,0.03,
0.05,,"[89, 87, 228, 307]",,0.0,,0.08,,0.0,,0.74,,0.08,,0.04,
0.04,,"[88, 87, 228, 306]",,0.0,,0.09,,0.0,,0.76,,0.09,,0.03,
0.05,,"[88, 87, 228, 306]",,0.0,,0.1,,0.0,,0.72,,0.1,,0.03,
0.07,,"[88, 86, 228, 307]",,0.0,,0.12,,0.0,,0.67,,0.09,,0.05,
0.07,,"[88, 86, 228, 307]",,0.0,,0.13,,0.0,,0.64,,0.1,,0.05,
0.04,,"[88, 87, 228, 307]",,0.0,,0.09,,0.0,,0.75,,0.08,,0.04,
0.06,,"[88, 85, 229, 310]",,0.0,,0.08,,0.0,,0.73,,0.1,,0.03,
0.04,,"[88, 86, 229, 309]",,0.0,,0.09,,0.0,,0.73,,0.09,,0.04,
0.04,,"[88, 87, 228, 307]",,0.0,,0.09,,0.0,,0.75,,0.09,,0.04,
0.04,,"[88, 86, 229, 309]",,0.0,,0.1,,0.0,,0.72,,0.1,,0.04,
0.04,,"[88, 87, 229, 307]",,0.0,,0.08,,0.0,,0.77,,0.08,,0.03,
0.04,,"[88, 87, 229, 307]",,0.0,,0.08,,0.0,,0.77,,0.08,,0.03,
0.06,,"[89, 86, 228, 308]",,0.0,,0.1,,0.0,,0.7,,0.09,,0.04,
0.06,,"[88, 86, 229, 308]",,0.0,,0.1,,0.0,,0.7,,0.09,,0.04,
0.05,,"[89, 87, 228, 307]",,0.0,,0.1,,0.0,,0.68,,0.11,,0.05,
0.06,,"[88, 86, 229, 308]",,0.0,,0.1,,0.0,,0.7,,0.09,,0.04,
0.06,,"[88, 86, 229, 307]",,0.0,,0.12,,0.0,,0.67,,0.09,,0.05,
0.04,,"[88, 87, 228, 306]",,0.0,,0.09,,0.0,,0.73,,0.09,,0.04,
0.06,,"[89, 85, 228, 309]",,0.0,,0.09,,0.0,,0.72,,0.1,,0.03,
0.04,,"[88, 87, 228, 306]",,0.0,,0.09,,0.0,,0.76,,0.08,,0.03,
0.08,,"[87, 86, 229, 306]",,0.0,,0.2,,0.0,,0.51,,0.13,,0.09,
0.08,,"[87, 86, 229, 306]",,0.0,,0.19,,0.0,,0.51,,0.13,,0.09,
0.04,,"[87, 86, 229, 307]",,0.0,,0.13,,0.0,,0.66,,0.1,,0.06,
0.08,,"[88, 86, 228, 306]",,0.0,,0.18,,0.0,,0.53,,0.12,,0.09,
0.08,,"[88, 86, 228, 306]",,0.0,,0.17,,0.0,,0.53,,0.13,,0.08,
0.05,,"[87, 86, 229, 308]",,0.0,,0.11,,0.0,,0.68,,0.1,,0.06,
0.1,,"[85, 76, 232, 313]",,0.0,,0.19,,0.01,,0.47,,0.11,,0.12,
0.1,,"[85, 76, 232, 313]",,0.0,,0.19,,0.01,,0.47,,0.11,,0.12,
0.09,,"[86, 80, 231, 309]",,0.0,,0.13,,0.01,,0.61,,0.1,,0.06,
0.09,,"[86, 80, 231, 309]",,0.0,,0.13,,0.01,,0.61,,0.1,,0.06,
0.1,,"[85, 77, 233, 312]",,0.0,,0.17,,0.01,,0.52,,0.12,,0.08,
0.09,,"[85, 76, 231, 311]",,0.0,,0.26,,0.01,,0.36,,0.15,,0.13,
0.08,,"[85, 75, 233, 312]",,0.0,,0.23,,0.01,,0.32,,0.11,,0.24,
0.09,,"[84, 75, 234, 312]",,0.0,,0.21,,0.01,,0.36,,0.11,,0.21,
0.11,,"[85, 78, 233, 311]",,0.0,,0.16,,0.01,,0.54,,0.12,,0.06,
0.11,,"[85, 77, 233, 312]",,0.0,,0.2,,0.01,,0.47,,0.12,,0.09,
0.1,,"[85, 79, 232, 310]",,0.0,,0.13,,0.01,,0.6,,0.11,,0.05,
0.09,,"[87, 80, 229, 311]",,0.0,,0.18,,0.01,,0.52,,0.11,,0.1,
0.09,,"[87, 81, 228, 310]",,0.0,,0.2,,0.01,,0.43,,0.1,,0.17,
0.09,,"[87, 81, 228, 310]",,0.0,,0.2,,0.01,,0.43,,0.1,,0.17,
0.04,,"[87, 86, 229, 307]",,0.0,,0.11,,0.0,,0.69,,0.1,,0.06,
0.04,,"[88, 86, 227, 307]",,0.0,,0.11,,0.0,,0.69,,0.1,,0.06,
0.05,,"[87, 85, 228, 308]",,0.0,,0.09,,0.0,,0.71,,0.09,,0.06,
0.05,,"[87, 86, 228, 307]",,0.0,,0.1,,0.0,,0.67,,0.1,,0.07,
0.05,,"[87, 87, 227, 305]",,0.0,,0.12,,0.0,,0.66,,0.11,,0.06,
0.06,,"[87, 86, 227, 306]",,0.0,,0.11,,0.0,,0.68,,0.1,,0.05,
0.05,,"[85, 87, 228, 305]",,0.0,,0.08,,0.0,,0.76,,0.08,,0.02,
0.05,,"[85, 87, 228, 305]",,0.0,,0.08,,0.0,,0.75,,0.09,,0.02,
0.04,,"[83, 86, 229, 306]",,0.0,,0.05,,0.01,,0.85,,0.04,,0.0,
0.04,,"[83, 86, 229, 306]",,0.0,,0.05,,0.01,,0.86,,0.04,,0.0,
0.05,,"[83, 87, 229, 305]",,0.0,,0.12,,0.01,,0.77,,0.04,,0.0,
0.05,,"[83, 87, 229, 305]",,0.0,,0.12,,0.01,,0.77,,0.04,,0.0,
0.05,,"[82, 86, 230, 308]",,0.0,,0.21,,0.01,,0.67,,0.05,,0.01,
0.05,,"[83, 85, 229, 308]",,0.0,,0.15,,0.01,,0.74,,0.05,,0.01,
0.04,,"[83, 87, 228, 304]",,0.0,,0.07,,0.01,,0.84,,0.04,,0.0,
0.04,,"[83, 87, 228, 304]",,0.0,,0.07,,0.01,,0.84,,0.04,,0.0,
0.05,,"[83, 86, 228, 305]",,0.0,,0.07,,0.01,,0.81,,0.06,,0.01,
0.05,,"[83, 86, 228, 305]",,0.0,,0.07,,0.01,,0.8,,0.06,,0.01,
0.05,,"[83, 86, 228, 305]",,0.0,,0.07,,0.01,,0.77,,0.09,,0.02,
0.05,,"[83, 86, 228, 305]",,0.0,,0.07,,0.0,,0.77,,0.09,,0.02,
0.04,,"[82, 87, 228, 304]",,0.0,,0.08,,0.0,,0.76,,0.09,,0.03,
0.05,,"[82, 87, 229, 304]",,0.0,,0.09,,0.0,,0.72,,0.11,,0.03,
0.05,,"[82, 77, 229, 314]",,0.0,,0.12,,0.01,,0.66,,0.08,,0.09,
0.06,,"[81, 78, 229, 314]",,0.0,,0.12,,0.01,,0.66,,0.09,,0.07,
0.05,,"[82, 77, 229, 314]",,0.0,,0.12,,0.01,,0.63,,0.08,,0.11,
0.05,,"[82, 77, 228, 315]",,0.0,,0.1,,0.01,,0.68,,0.07,,0.08,
0.08,0.06,"[82, 81, 230, 308]","[339, 223, 54, 79]",0.0,0.0,0.21,0.19,0.01,0.23,0.5,0.21,0.1,0.28,0.1,0.03
0.1,,"[81, 83, 230, 307]",,0.0,,0.16,,0.0,,0.57,,0.09,,0.08,
0.07,,"[82, 79, 230, 309]",,0.0,,0.16,,0.01,,0.58,,0.11,,0.08,
0.07,,"[82, 81, 230, 308]",,0.0,,0.19,,0.0,,0.47,,0.11,,0.16,
0.05,,"[84, 82, 229, 309]",,0.0,,0.08,,0.0,,0.73,,0.09,,0.04,
0.06,,"[83, 81, 229, 310]",,0.0,,0.13,,0.01,,0.63,,0.1,,0.07,
0.06,,"[84, 81, 229, 309]",,0.0,,0.12,,0.01,,0.63,,0.09,,0.09,
0.05,,"[84, 80, 229, 310]",,0.0,,0.12,,0.01,,0.61,,0.09,,0.12,
0.07,,"[84, 82, 229, 308]",,0.0,,0.11,,0.0,,0.66,,0.1,,0.06,
0.08,,"[83, 75, 229, 315]",,0.0,,0.18,,0.01,,0.51,,0.12,,0.1,
0.08,,"[85, 82, 228, 307]",,0.0,,0.13,,0.0,,0.6,,0.11,,0.07,
0.08,,"[85, 82, 228, 307]",,0.0,,0.14,,0.0,,0.59,,0.12,,0.07,
0.06,,"[85, 83, 228, 307]",,0.0,,0.09,,0.0,,0.71,,0.09,,0.04,
0.09,,"[86, 82, 228, 307]",,0.0,,0.12,,0.01,,0.6,,0.11,,0.08,
0.06,,"[85, 78, 227, 311]",,0.0,,0.17,,0.01,,0.58,,0.09,,0.08,
0.07,,"[86, 82, 228, 307]",,0.0,,0.13,,0.0,,0.62,,0.1,,0.08,
0.07,,"[85, 76, 227, 312]",,0.0,,0.19,,0.01,,0.57,,0.09,,0.08,
0.06,,"[86, 78, 226, 310]",,0.0,,0.14,,0.01,,0.62,,0.09,,0.07,
0.04,,"[84, 83, 229, 309]",,0.0,,0.1,,0.01,,0.76,,0.06,,0.02,
0.07,,"[85, 82, 226, 306]",,0.0,,0.15,,0.01,,0.65,,0.07,,0.06,
0.08,,"[83, 84, 228, 306]",,0.0,,0.15,,0.01,,0.7,,0.04,,0.0,
0.08,,"[83, 84, 228, 306]",,0.0,,0.15,,0.01,,0.71,,0.04,,0.0,
0.05,,"[84, 83, 224, 302]",,0.0,,0.22,,0.01,,0.64,,0.07,,0.0,
0.04,,"[86, 84, 222, 300]",,0.0,,0.12,,0.01,,0.77,,0.06,,0.0,
0.09,,"[84, 86, 227, 304]",,0.01,,0.21,,0.01,,0.62,,0.06,,0.0,
0.08,,"[84, 85, 228, 306]",,0.01,,0.21,,0.01,,0.62,,0.06,,0.0,
0.1,,"[84, 83, 230, 308]",,0.0,,0.21,,0.01,,0.62,,0.06,,0.0,
0.11,,"[84, 83, 230, 308]",,0.0,,0.21,,0.01,,0.62,,0.06,,0.0,
0.06,,"[83, 82, 232, 311]",,0.0,,0.15,,0.01,,0.71,,0.06,,0.0,
0.05,,"[82, 77, 229, 307]",,0.0,,0.22,,0.01,,0.64,,0.08,,0.0,
0.04,,"[84, 82, 230, 309]",,0.0,,0.12,,0.01,,0.78,,0.06,,0.0,
0.06,,"[84, 83, 229, 307]",,0.0,,0.15,,0.01,,0.71,,0.07,,0.0,
0.03,,"[84, 83, 229, 309]",,0.0,,0.16,,0.01,,0.7,,0.09,,0.01,
0.03,,"[84, 82, 230, 311]",,0.0,,0.16,,0.01,,0.68,,0.1,,0.01,
0.03,,"[84, 82, 230, 310]",,0.0,,0.14,,0.01,,0.72,,0.1,,0.01,
0.04,,"[85, 83, 229, 309]",,0.0,,0.14,,0.01,,0.7,,0.11,,0.02,
0.09,,"[85, 86, 226, 299]",,0.0,,0.22,,0.01,,0.52,,0.14,,0.03,
0.07,,"[84, 82, 228, 307]",,0.0,,0.19,,0.0,,0.59,,0.13,,0.02,
0.16,,"[74, 67, 242, 322]",,0.0,,0.33,,0.01,,0.3,,0.15,,0.05,
0.08,,"[84, 83, 227, 302]",,0.0,,0.2,,0.01,,0.54,,0.15,,0.01,
0.08,,"[83, 80, 229, 304]",,0.0,,0.18,,0.01,,0.52,,0.18,,0.03,
0.08,,"[84, 81, 228, 303]",,0.0,,0.18,,0.01,,0.55,,0.17,,0.02,
0.08,0.07,"[84, 80, 228, 305]","[343, 222, 56, 81]",0.0,0.0,0.19,0.23,0.01,0.2,0.55,0.21,0.16,0.27,0.02,0.02
0.08,,"[84, 79, 228, 305]",,0.0,,0.19,,0.01,,0.5,,0.2,,0.03,
0.1,,"[85, 82, 228, 302]",,0.0,,0.18,,0.0,,0.51,,0.18,,0.02,
0.11,,"[85, 81, 228, 304]",,0.0,,0.2,,0.0,,0.5,,0.17,,0.02,
0.09,,"[86, 83, 227, 302]",,0.0,,0.21,,0.01,,0.49,,0.2,,0.01,
0.09,,"[86, 82, 228, 303]",,0.0,,0.21,,0.0,,0.48,,0.2,,0.02,
0.1,,"[86, 83, 228, 302]",,0.0,,0.21,,0.01,,0.49,,0.18,,0.01,
0.1,,"[87, 84, 227, 301]",,0.0,,0.21,,0.01,,0.47,,0.2,,0.01,
0.09,,"[88, 85, 227, 301]",,0.0,,0.16,,0.01,,0.56,,0.18,,0.01,
0.12,,"[87, 83, 228, 302]",,0.0,,0.23,,0.0,,0.41,,0.23,,0.01,
0.04,,"[88, 85, 229, 309]",,0.0,,0.08,,0.0,,0.77,,0.1,,0.01,
0.03,,"[89, 85, 228, 309]",,0.0,,0.08,,0.0,,0.76,,0.11,,0.01,
0.05,,"[89, 85, 229, 308]",,0.0,,0.08,,0.0,,0.74,,0.12,,0.01,
0.05,,"[89, 85, 229, 308]",,0.0,,0.07,,0.0,,0.76,,0.11,,0.01,
0.06,,"[89, 85, 229, 308]",,0.0,,0.1,,0.0,,0.71,,0.12,,0.01,
0.06,,"[89, 85, 229, 308]",,0.0,,0.1,,0.0,,0.71,,0.12,,0.01,
0.05,,"[89, 86, 229, 306]",,0.0,,0.18,,0.0,,0.67,,0.08,,0.01,
0.04,,"[89, 87, 229, 306]",,0.0,,0.18,,0.0,,0.67,,0.09,,0.01,
0.14,,"[85, 84, 233, 304]",,0.01,,0.25,,0.01,,0.52,,0.07,,0.0,
0.15,,"[85, 84, 233, 304]",,0.01,,0.26,,0.01,,0.51,,0.07,,0.0,
0.12,,"[86, 83, 233, 306]",,0.0,,0.17,,0.01,,0.64,,0.06,,0.0,
0.13,,"[85, 83, 233, 306]",,0.0,,0.21,,0.01,,0.59,,0.06,,0.0,
0.05,,"[87, 83, 233, 310]",,0.0,,0.13,,0.01,,0.76,,0.05,,0.0,
0.06,,"[86, 83, 234, 310]",,0.0,,0.17,,0.01,,0.72,,0.05,,0.0,
0.04,,"[85, 80, 235, 315]",,0.0,,0.13,,0.01,,0.74,,0.07,,0.01,
0.03,,"[86, 82, 234, 313]",,0.0,,0.13,,0.01,,0.75,,0.08,,0.0,
0.05,,"[86, 82, 233, 312]",,0.0,,0.1,,0.0,,0.71,,0.12,,0.01,
0.04,,"[86, 83, 233, 311]",,0.0,,0.11,,0.01,,0.71,,0.14,,0.01,
0.05,,"[87, 83, 232, 310]",,0.0,,0.08,,0.01,,0.75,,0.11,,0.01,
0.05,,"[87, 83, 232, 310]",,0.0,,0.08,,0.01,,0.75,,0.11,,0.01,
0.15,,"[87, 79, 230, 307]",,0.0,,0.22,,0.01,,0.44,,0.16,,0.02,
0.12,,"[87, 77, 231, 309]",,0.0,,0.23,,0.01,,0.46,,0.12,,0.05,
0.15,,"[87, 78, 231, 308]",,0.0,,0.26,,0.01,,0.41,,0.14,,0.03,
0.1,,"[86, 76, 232, 309]",,0.0,,0.21,,0.01,,0.47,,0.14,,0.07,
0.11,,"[86, 76, 232, 310]",,0.0,,0.18,,0.01,,0.52,,0.12,,0.06,
0.12,,"[86, 79, 231, 307]",,0.0,,0.23,,0.01,,0.47,,0.16,,0.02,
0.06,,"[87, 84, 231, 309]",,0.0,,0.08,,0.01,,0.72,,0.12,,0.01,
0.06,,"[87, 84, 230, 309]",,0.0,,0.08,,0.0,,0.72,,0.11,,0.01,
0.14,,"[87, 79, 230, 307]",,0.0,,0.23,,0.01,,0.47,,0.14,,0.01,
0.16,,"[87, 78, 230, 307]",,0.0,,0.3,,0.01,,0.34,,0.13,,0.06,
0.14,,"[86, 80, 231, 305]",,0.0,,0.24,,0.01,,0.46,,0.13,,0.02,
0.15,,"[86, 80, 231, 305]",,0.0,,0.24,,0.01,,0.45,,0.14,,0.01,
0.05,,"[83, 84, 232, 309]",,0.0,,0.12,,0.0,,0.77,,0.06,,0.0,
0.05,,"[83, 84, 232, 309]",,0.0,,0.12,,0.0,,0.77,,0.05,,0.0,
0.11,,"[82, 83, 233, 306]",,0.0,,0.23,,0.01,,0.59,,0.07,,0.0,
0.11,,"[83, 83, 233, 307]",,0.0,,0.18,,0.01,,0.64,,0.06,,0.0,
0.07,,"[81, 80, 235, 310]",,0.0,,0.23,,0.01,,0.61,,0.08,,0.0,
0.07,,"[81, 79, 235, 311]",,0.01,,0.3,,0.01,,0.52,,0.1,,0.0,
0.07,,"[84, 80, 231, 307]",,0.0,,0.21,,0.02,,0.63,,0.07,,0.0,
0.07,,"[84, 80, 231, 307]",,0.0,,0.21,,0.02,,0.61,,0.08,,0.0,
0.12,,"[82, 82, 235, 309]",,0.0,,0.22,,0.01,,0.57,,0.09,,0.0,
0.12,,"[81, 83, 235, 308]",,0.0,,0.23,,0.01,,0.56,,0.08,,0.0,
0.03,,"[84, 86, 232, 306]",,0.0,,0.1,,0.01,,0.82,,0.04,,0.0,
0.03,,"[84, 87, 232, 304]",,0.0,,0.1,,0.01,,0.82,,0.04,,0.0,
0.03,,"[86, 86, 230, 305]",,0.0,,0.06,,0.01,,0.82,,0.08,,0.0,
0.03,,"[86, 85, 230, 307]",,0.0,,0.06,,0.01,,0.85,,0.06,,0.0,
0.03,,"[85, 85, 231, 307]",,0.0,,0.07,,0.01,,0.8,,0.08,,0.0,
0.04,,"[86, 85, 230, 306]",,0.0,,0.07,,0.01,,0.8,,0.08,,0.0,
0.04,,"[87, 84, 229, 308]",,0.0,,0.06,,0.01,,0.8,,0.09,,0.0,
0.03,,"[86, 84, 230, 308]",,0.0,,0.07,,0.01,,0.8,,0.09,,0.0,
0.05,,"[86, 83, 229, 305]",,0.0,,0.12,,0.01,,0.7,,0.11,,0.01,
0.05,,"[85, 83, 229, 304]",,0.0,,0.14,,0.01,,0.7,,0.1,,0.01,
0.05,,"[86, 83, 229, 303]",,0.0,,0.14,,0.02,,0.68,,0.11,,0.01,
0.05,,"[86, 83, 229, 303]",,0.0,,0.13,,0.02,,0.68,,0.11,,0.01,
0.05,,"[86, 83, 228, 302]",,0.0,,0.21,,0.02,,0.57,,0.14,,0.01,
0.05,,"[85, 83, 229, 302]",,0.0,,0.21,,0.02,,0.58,,0.13,,0.01,
0.07,,"[85, 78, 228, 306]",,0.0,,0.18,,0.01,,0.58,,0.14,,0.01,
0.1,,"[86, 80, 227, 304]",,0.0,,0.17,,0.02,,0.56,,0.16,,0.01,
0.07,,"[85, 84, 229, 305]",,0.0,,0.12,,0.01,,0.6,,0.19,,0.01,
0.07,,"[85, 83, 230, 307]",,0.0,,0.11,,0.01,,0.62,,0.19,,0.0,
0.05,,"[85, 83, 230, 308]",,0.0,,0.07,,0.01,,0.69,,0.18,,0.0,
0.06,,"[84, 84, 230, 305]",,0.0,,0.09,,0.01,,0.65,,0.19,,0.0,
0.05,,"[84, 84, 229, 305]",,0.0,,0.11,,0.01,,0.62,,0.2,,0.01,
0.05,,"[84, 84, 230, 305]",,0.0,,0.09,,0.01,,0.61,,0.23,,0.01,
0.05,,"[84, 83, 230, 308]",,0.0,,0.08,,0.01,,0.69,,0.18,,0.01,
0.05,,"[84, 83, 229, 308]",,0.0,,0.08,,0.01,,0.68,,0.18,,0.01,
0.05,,"[83, 82, 230, 309]",,0.0,,0.11,,0.01,,0.63,,0.2,,0.01,
0.04,,"[83, 82, 231, 309]",,0.0,,0.11,,0.01,,0.64,,0.19,,0.01,
0.03,,"[83, 86, 230, 305]",,0.0,,0.19,,0.01,,0.62,,0.15,,0.01,
0.03,,"[82, 85, 231, 307]",,0.0,,0.19,,0.01,,0.64,,0.13,,0.01,
0.06,,"[82, 79, 232, 309]",,0.0,,0.26,,0.03,,0.53,,0.12,,0.0,
0.09,,"[83, 80, 231, 307]",,0.0,,0.29,,0.03,,0.48,,0.12,,0.0,
0.09,,"[83, 80, 232, 308]",,0.0,,0.32,,0.02,,0.45,,0.11,,0.0,
0.1,,"[82, 80, 233, 309]",,0.0,,0.32,,0.02,,0.44,,0.12,,0.0,
0.09,,"[82, 80, 233, 307]",,0.0,,0.25,,0.03,,0.47,,0.15,,0.0,
0.08,,"[82, 79, 233, 309]",,0.0,,0.26,,0.03,,0.49,,0.14,,0.0,
0.04,,"[84, 85, 231, 307]",,0.0,,0.15,,0.02,,0.65,,0.14,,0.0,
0.05,,"[85, 85, 230, 307]",,0.0,,0.13,,0.02,,0.64,,0.16,,0.0,
0.03,,"[83, 84, 232, 307]",,0.0,,0.13,,0.01,,0.63,,0.18,,0.0,
0.03,,"[83, 84, 231, 307]",,0.0,,0.14,,0.01,,0.67,,0.15,,0.0,
0.03,,"[84, 83, 230, 308]",,0.0,,0.08,,0.01,,0.76,,0.13,,0.0,
0.03,,"[84, 82, 230, 308]",,0.0,,0.1,,0.01,,0.68,,0.17,,0.0,
0.03,,"[84, 82, 229, 308]",,0.0,,0.07,,0.01,,0.74,,0.14,,0.0,
0.04,,"[84, 81, 230, 309]",,0.0,,0.09,,0.02,,0.69,,0.15,,0.0,
0.06,,"[84, 76, 228, 307]",,0.0,,0.17,,0.03,,0.51,,0.23,,0.01,
0.05,,"[84, 78, 228, 304]",,0.0,,0.18,,0.02,,0.5,,0.24,,0.01,
0.03,,"[84, 81, 230, 308]",,0.0,,0.1,,0.02,,0.71,,0.13,,0.01,
0.03,,"[84, 82, 230, 307]",,0.0,,0.09,,0.02,,0.72,,0.14,,0.01,
0.03,,"[83, 82, 231, 308]",,0.0,,0.08,,0.02,,0.73,,0.13,,0.01,
0.03,,"[84, 82, 230, 307]",,0.0,,0.1,,0.02,,0.71,,0.14,,0.01,
0.03,,"[84, 83, 230, 307]",,0.0,,0.07,,0.01,,0.77,,0.11,,0.01,
0.04,,"[84, 83, 230, 306]",,0.0,,0.11,,0.01,,0.71,,0.13,,0.01,
0.04,,"[84, 83, 230, 306]",,0.0,,0.11,,0.01,,0.69,,0.14,,0.01,
0.04,,"[84, 83, 229, 306]",,0.0,,0.11,,0.01,,0.69,,0.13,,0.01,
0.06,,"[84, 82, 230, 307]",,0.0,,0.17,,0.01,,0.49,,0.25,,0.01,
0.05,,"[84, 83, 230, 306]",,0.0,,0.14,,0.01,,0.59,,0.2,,0.01,
0.06,,"[85, 83, 229, 306]",,0.0,,0.17,,0.02,,0.48,,0.26,,0.02,
0.06,,"[85, 82, 230, 308]",,0.0,,0.17,,0.01,,0.51,,0.24,,0.01,
0.04,,"[85, 84, 229, 305]",,0.0,,0.12,,0.01,,0.65,,0.16,,0.02,
0.05,,"[85, 83, 229, 306]",,0.0,,0.15,,0.01,,0.54,,0.24,,0.02,
0.05,,"[84, 82, 230, 307]",,0.0,,0.2,,0.01,,0.48,,0.24,,0.01,
0.04,,"[84, 82, 231, 308]",,0.0,,0.14,,0.01,,0.57,,0.21,,0.01,
0.06,,"[84, 84, 231, 304]",,0.0,,0.17,,0.01,,0.51,,0.23,,0.02,
0.06,,"[85, 86, 230, 302]",,0.0,,0.11,,0.01,,0.69,,0.13,,0.01,
0.09,,"[85, 76, 229, 309]",,0.0,,0.23,,0.01,,0.43,,0.23,,0.01,
0.07,,"[85, 86, 229, 300]",,0.0,,0.15,,0.01,,0.61,,0.15,,0.01,
0.05,,"[84, 83, 231, 305]",,0.0,,0.19,,0.01,,0.52,,0.2,,0.02,
0.05,,"[83, 84, 232, 303]",,0.0,,0.19,,0.01,,0.55,,0.18,,0.02,
0.08,,"[86, 77, 228, 305]",,0.0,,0.29,,0.01,,0.28,,0.29,,0.04,
0.09,,"[84, 76, 230, 308]",,0.0,,0.22,,0.01,,0.35,,0.3,,0.02,
0.08,,"[86, 78, 228, 308]",,0.0,,0.19,,0.01,,0.52,,0.19,,0.01,
0.1,,"[86, 78, 228, 306]",,0.0,,0.24,,0.01,,0.39,,0.24,,0.03,
0.11,,"[86, 76, 228, 310]",,0.0,,0.2,,0.01,,0.39,,0.28,,0.01,
0.09,,"[86, 76, 228, 310]",,0.0,,0.19,,0.01,,0.43,,0.26,,0.01,
0.06,,"[86, 77, 228, 310]",,0.0,,0.14,,0.01,,0.6,,0.19,,0.01,
0.09,,"[85, 76, 228, 310]",,0.0,,0.16,,0.02,,0.52,,0.2,,0.01,
0.07,,"[79, 77, 239, 312]",,0.0,,0.12,,0.01,,0.64,,0.16,,0.01,
0.09,,"[85, 76, 228, 311]",,0.0,,0.16,,0.01,,0.54,,0.19,,0.01,
0.1,,"[84, 75, 228, 313]",,0.0,,0.14,,0.02,,0.57,,0.17,,0.01,
0.07,,"[81, 78, 236, 311]",,0.0,,0.13,,0.01,,0.65,,0.12,,0.01,
0.08,,"[84, 75, 229, 311]",,0.0,,0.17,,0.01,,0.51,,0.21,,0.01,
0.07,,"[84, 74, 228, 313]",,0.0,,0.16,,0.02,,0.56,,0.19,,0.01,
0.07,,"[85, 76, 228, 311]",,0.0,,0.2,,0.02,,0.5,,0.2,,0.01,
0.08,,"[84, 75, 229, 312]",,0.0,,0.2,,0.02,,0.48,,0.22,,0.01,
0.08,,"[83, 74, 231, 314]",,0.0,,0.15,,0.01,,0.55,,0.19,,0.01,
0.05,,"[81, 77, 237, 314]",,0.0,,0.1,,0.01,,0.67,,0.16,,0.01,
0.06,,"[85, 84, 230, 307]",,0.0,,0.09,,0.01,,0.62,,0.22,,0.01,
0.07,,"[85, 84, 231, 308]",,0.0,,0.08,,0.01,,0.57,,0.26,,0.01,
0.07,,"[85, 85, 230, 306]",,0.0,,0.12,,0.0,,0.58,,0.21,,0.01,
0.07,,"[85, 84, 230, 307]",,0.0,,0.09,,0.01,,0.61,,0.21,,0.01,
0.08,,"[85, 83, 231, 308]",,0.0,,0.08,,0.01,,0.6,,0.22,,0.0,
0.08,,"[85, 83, 231, 308]",,0.0,,0.08,,0.01,,0.62,,0.21,,0.0,
0.09,,"[84, 84, 230, 304]",,0.0,,0.15,,0.01,,0.55,,0.2,,0.0,
0.09,,"[84, 83, 231, 307]",,0.0,,0.15,,0.01,,0.53,,0.21,,0.01,
0.1,,"[84, 85, 230, 304]",,0.0,,0.13,,0.0,,0.57,,0.18,,0.01,
0.1,,"[85, 84, 229, 304]",,0.0,,0.13,,0.01,,0.56,,0.19,,0.01,
0.09,,"[84, 83, 230, 305]",,0.0,,0.17,,0.01,,0.5,,0.22,,0.01,
0.1,,"[86, 85, 228, 303]",,0.0,,0.1,,0.01,,0.63,,0.16,,0.01,
0.12,,"[85, 86, 229, 302]",,0.0,,0.13,,0.0,,0.54,,0.2,,0.01,
0.12,,"[85, 86, 229, 302]",,0.0,,0.13,,0.0,,0.56,,0.19,,0.01,
0.1,,"[86, 84, 229, 305]",,0.0,,0.12,,0.0,,0.54,,0.23,,0.01,
0.1,,"[86, 84, 229, 305]",,0.0,,0.12,,0.01,,0.55,,0.22,,0.01,
0.09,,"[84, 82, 231, 308]",,0.0,,0.17,,0.0,,0.52,,0.2,,0.01,
0.11,,"[85, 82, 231, 308]",,0.0,,0.14,,0.01,,0.5,,0.23,,0.01,
0.08,,"[84, 74, 230, 314]",,0.0,,0.2,,0.01,,0.49,,0.21,,0.02,
0.06,,"[83, 77, 236, 314]",,0.0,,0.1,,0.01,,0.65,,0.16,,0.01,
0.08,,"[82, 78, 237, 313]",,0.0,,0.17,,0.01,,0.57,,0.15,,0.02,
0.07,,"[82, 77, 237, 315]",,0.0,,0.12,,0.01,,0.61,,0.17,,0.02,
0.11,,"[82, 72, 233, 316]",,0.0,,0.28,,0.01,,0.36,,0.22,,0.03,
0.12,,"[82, 73, 232, 313]",,0.0,,0.32,,0.0,,0.25,,0.26,,0.03,
0.12,,"[81, 71, 234, 316]",,0.0,,0.29,,0.01,,0.34,,0.18,,0.06,
0.12,,"[80, 71, 235, 314]",,0.0,,0.32,,0.01,,0.3,,0.21,,0.04,
0.14,,"[82, 72, 235, 314]",,0.0,,0.34,,0.01,,0.29,,0.19,,0.04,
0.14,,"[82, 72, 235, 314]",,0.0,,0.33,,0.01,,0.29,,0.18,,0.04,
0.1,,"[81, 71, 234, 315]",,0.0,,0.25,,0.01,,0.43,,0.17,,0.03,
0.1,,"[81, 72, 235, 313]",,0.0,,0.25,,0.01,,0.42,,0.19,,0.03,
0.11,,"[82, 73, 234, 311]",,0.0,,0.33,,0.01,,0.31,,0.2,,0.04,
0.1,,"[82, 73, 234, 312]",,0.0,,0.28,,0.01,,0.37,,0.21,,0.04,
0.1,,"[85, 85, 230, 301]",,0.0,,0.21,,0.01,,0.55,,0.13,,0.01,
0.1,,"[85, 85, 230, 302]",,0.0,,0.19,,0.0,,0.54,,0.15,,0.01,
0.1,,"[85, 86, 230, 302]",,0.0,,0.16,,0.0,,0.59,,0.14,,0.01,
0.11,,"[85, 86, 230, 301]",,0.0,,0.17,,0.0,,0.59,,0.12,,0.01,
0.1,,"[85, 85, 231, 302]",,0.0,,0.18,,0.0,,0.6,,0.11,,0.01,
0.1,,"[85, 85, 231, 303]",,0.0,,0.18,,0.0,,0.57,,0.14,,0.01,
0.12,,"[84, 87, 231, 300]",,0.0,,0.2,,0.0,,0.55,,0.12,,0.01,
0.11,,"[84, 85, 231, 302]",,0.0,,0.24,,0.0,,0.49,,0.15,,0.01,
0.08,,"[84, 85, 231, 303]",,0.0,,0.17,,0.0,,0.62,,0.12,,0.01,
0.12,,"[85, 86, 230, 301]",,0.0,,0.22,,0.0,,0.51,,0.14,,0.01,
0.06,,"[85, 85, 230, 301]",,0.0,,0.18,,0.01,,0.66,,0.08,,0.01,
0.05,,"[84, 85, 231, 301]",,0.0,,0.16,,0.01,,0.7,,0.08,,0.01,
0.06,,"[84, 86, 231, 300]",,0.0,,0.19,,0.01,,0.65,,0.08,,0.01,
0.06,,"[84, 86, 231, 300]",,0.0,,0.18,,0.01,,0.65,,0.08,,0.01,
0.1,,"[84, 86, 231, 300]",,0.0,,0.2,,0.01,,0.59,,0.1,,0.01,
0.06,,"[85, 85, 231, 300]",,0.0,,0.18,,0.01,,0.65,,0.09,,0.01,
0.09,,"[85, 85, 231, 301]",,0.0,,0.15,,0.0,,0.63,,0.11,,0.01,
0.09,,"[85, 84, 232, 303]",,0.0,,0.17,,0.01,,0.62,,0.11,,0.01,
0.11,,"[84, 85, 232, 301]",,0.0,,0.16,,0.0,,0.61,,0.11,,0.01,
0.11,,"[85, 85, 231, 301]",,0.0,,0.16,,0.0,,0.61,,0.11,,0.01,
0.1,,"[85, 85, 231, 301]",,0.0,,0.19,,0.0,,0.58,,0.11,,0.01,
0.11,,"[86, 85, 230, 301]",,0.0,,0.18,,0.0,,0.59,,0.11,,0.01,
0.09,,"[86, 85, 230, 300]",,0.0,,0.22,,0.01,,0.53,,0.15,,0.01,
0.1,,"[87, 86, 229, 299]",,0.0,,0.19,,0.01,,0.59,,0.11,,0.01,
0.06,,"[86, 85, 230, 300]",,0.0,,0.17,,0.01,,0.63,,0.12,,0.01,
0.07,,"[86, 85, 231, 300]",,0.0,,0.17,,0.01,,0.66,,0.09,,0.0,
0.09,,"[87, 85, 231, 302]",,0.0,,0.13,,0.01,,0.65,,0.11,,0.01,
0.08,,"[87, 85, 231, 301]",,0.0,,0.18,,0.01,,0.63,,0.1,,0.01,
0.07,,"[86, 85, 231, 301]",,0.0,,0.14,,0.01,,0.64,,0.13,,0.01,
0.06,,"[87, 84, 231, 302]",,0.0,,0.14,,0.01,,0.67,,0.11,,0.01,
0.08,,"[88, 85, 230, 302]",,0.0,,0.14,,0.01,,0.65,,0.11,,0.01,
0.07,,"[87, 84, 232, 302]",,0.0,,0.14,,0.01,,0.65,,0.13,,0.01,
0.09,,"[87, 86, 231, 301]",,0.0,,0.15,,0.0,,0.62,,0.12,,0.01,
0.07,,"[88, 85, 230, 301]",,0.0,,0.18,,0.01,,0.6,,0.14,,0.01,
0.09,,"[86, 86, 232, 301]",,0.0,,0.21,,0.0,,0.54,,0.15,,0.01,
0.09,,"[87, 87, 231, 300]",,0.0,,0.18,,0.01,,0.6,,0.12,,0.01,
0.07,,"[88, 88, 230, 297]",,0.0,,0.22,,0.01,,0.58,,0.11,,0.01,
0.07,,"[88, 87, 230, 298]",,0.0,,0.22,,0.01,,0.56,,0.13,,0.01,
0.07,,"[87, 89, 229, 295]",,0.0,,0.22,,0.01,,0.56,,0.14,,0.01,
0.07,,"[87, 89, 229, 295]",,0.0,,0.22,,0.01,,0.56,,0.13,,0.01,
0.06,,"[88, 90, 228, 295]",,0.0,,0.12,,0.01,,0.7,,0.1,,0.0,
0.06,,"[88, 88, 229, 296]",,0.0,,0.17,,0.01,,0.59,,0.15,,0.01,
0.06,,"[88, 90, 227, 294]",,0.0,,0.16,,0.01,,0.64,,0.12,,0.0,
0.05,,"[88, 91, 228, 293]",,0.0,,0.14,,0.01,,0.69,,0.11,,0.0,
0.08,,"[88, 91, 228, 294]",,0.0,,0.15,,0.01,,0.65,,0.12,,0.01,
0.07,,"[89, 90, 227, 295]",,0.0,,0.13,,0.01,,0.68,,0.11,,0.0,
0.08,,"[88, 91, 228, 295]",,0.0,,0.16,,0.01,,0.65,,0.1,,0.01,
0.09,,"[88, 89, 228, 297]",,0.0,,0.14,,0.01,,0.67,,0.09,,0.01,
0.07,,"[87, 89, 229, 297]",,0.0,,0.17,,0.01,,0.66,,0.09,,0.01,
0.06,,"[88, 90, 227, 295]",,0.0,,0.17,,0.01,,0.65,,0.1,,0.01,
0.07,,"[87, 90, 228, 296]",,0.0,,0.17,,0.0,,0.64,,0.1,,0.01,
0.06,,"[88, 91, 227, 294]",,0.0,,0.14,,0.01,,0.69,,0.1,,0.01,
0.06,,"[87, 90, 228, 295]",,0.0,,0.12,,0.01,,0.7,,0.11,,0.0,
0.06,,"[87, 90, 228, 295]",,0.0,,0.12,,0.01,,0.7,,0.11,,0.0,
0.07,,"[87, 88, 228, 297]",,0.0,,0.13,,0.01,,0.67,,0.11,,0.01,
0.07,,"[87, 88, 228, 297]",,0.0,,0.14,,0.01,,0.66,,0.11,,0.01,
0.1,,"[86, 87, 230, 299]",,0.0,,0.19,,0.01,,0.57,,0.13,,0.01,
0.09,,"[86, 87, 229, 299]",,0.0,,0.22,,0.01,,0.5,,0.17,,0.01,
0.09,,"[86, 87, 229, 299]",,0.0,,0.24,,0.0,,0.49,,0.16,,0.01,
0.12,,"[87, 87, 228, 299]",,0.0,,0.24,,0.01,,0.48,,0.15,,0.01,
0.1,,"[86, 87, 229, 299]",,0.0,,0.24,,0.0,,0.51,,0.14,,0.01,
0.11,,"[86, 86, 229, 301]",,0.0,,0.28,,0.0,,0.44,,0.15,,0.01,
0.1,,"[86, 87, 229, 299]",,0.0,,0.27,,0.01,,0.45,,0.16,,0.01,
0.1,,"[86, 87, 229, 299]",,0.0,,0.24,,0.01,,0.48,,0.16,,0.01,
0.1,,"[85, 87, 230, 299]",,0.0,,0.23,,0.01,,0.5,,0.15,,0.01,
0.09,,"[85, 87, 230, 299]",,0.0,,0.21,,0.01,,0.54,,0.14,,0.01,
0.11,,"[86, 88, 229, 298]",,0.0,,0.18,,0.01,,0.57,,0.12,,0.01,
0.12,,"[85, 88, 230, 299]",,0.0,,0.17,,0.0,,0.6,,0.11,,0.01,
0.11,,"[85, 88, 230, 299]",,0.0,,0.18,,0.0,,0.58,,0.11,,0.01,
0.11,,"[86, 86, 229, 301]",,0.0,,0.23,,0.01,,0.5,,0.14,,0.01,
0.11,,"[86, 87, 230, 300]",,0.0,,0.19,,0.0,,0.56,,0.12,,0.01,
0.09,,"[85, 87, 230, 299]",,0.0,,0.2,,0.01,,0.55,,0.15,,0.01,
0.08,,"[85, 88, 229, 297]",,0.0,,0.19,,0.01,,0.56,,0.15,,0.01,
0.11,,"[85, 88, 229, 298]",,0.0,,0.18,,0.01,,0.56,,0.13,,0.01,
0.1,,"[86, 88, 228, 297]",,0.0,,0.19,,0.01,,0.56,,0.13,,0.01,
0.1,,"[85, 88, 230, 298]",,0.0,,0.18,,0.01,,0.57,,0.14,,0.01,
0.11,,"[86, 88, 229, 298]",,0.0,,0.18,,0.01,,0.58,,0.11,,0.01,
0.12,,"[86, 87, 229, 300]",,0.0,,0.21,,0.0,,0.53,,0.12,,0.01,
0.13,,"[86, 87, 229, 300]",,0.0,,0.22,,0.0,,0.53,,0.11,,0.01,
0.12,,"[86, 87, 229, 300]",,0.0,,0.21,,0.0,,0.54,,0.11,,0.01,
0.11,,"[86, 88, 229, 298]",,0.0,,0.19,,0.01,,0.57,,0.11,,0.01,
0.11,,"[86, 88, 229, 299]",,0.0,,0.18,,0.0,,0.58,,0.11,,0.01,
0.13,,"[85, 87, 231, 300]",,0.0,,0.2,,0.0,,0.55,,0.11,,0.01,
0.11,,"[85, 87, 230, 300]",,0.0,,0.21,,0.0,,0.49,,0.18,,0.01,
0.1,,"[86, 87, 228, 299]",,0.0,,0.23,,0.01,,0.5,,0.14,,0.02,
0.12,,"[85, 86, 230, 301]",,0.0,,0.23,,0.01,,0.46,,0.17,,0.02,
0.14,,"[85, 86, 231, 302]",,0.0,,0.22,,0.0,,0.47,,0.15,,0.02,
0.1,,"[84, 85, 232, 303]",,0.0,,0.24,,0.01,,0.47,,0.15,,0.02,
0.1,,"[85, 85, 231, 303]",,0.0,,0.23,,0.01,,0.5,,0.14,,0.02,
0.08,,"[85, 85, 230, 302]",,0.0,,0.23,,0.01,,0.52,,0.15,,0.01,
0.08,,"[85, 86, 229, 301]",,0.0,,0.25,,0.01,,0.49,,0.15,,0.02,
0.07,,"[84, 85, 230, 302]",,0.0,,0.23,,0.01,,0.52,,0.16,,0.02,
0.09,,"[84, 85, 231, 303]",,0.0,,0.21,,0.01,,0.53,,0.15,,0.02,
0.11,,"[85, 87, 229, 300]",,0.0,,0.19,,0.01,,0.54,,0.13,,0.02,
0.09,,"[84, 85, 231, 303]",,0.0,,0.2,,0.01,,0.54,,0.15,,0.02,
0.11,,"[85, 85, 230, 303]",,0.0,,0.23,,0.01,,0.47,,0.16,,0.02,
0.1,,"[84, 86, 230, 302]",,0.0,,0.22,,0.0,,0.52,,0.14,,0.01,
0.1,,"[84, 86, 230, 302]",,0.0,,0.22,,0.0,,0.51,,0.15,,0.01,
0.09,,"[85, 86, 229, 301]",,0.0,,0.24,,0.01,,0.49,,0.16,,0.01,
0.09,,"[85, 86, 229, 301]",,0.0,,0.24,,0.01,,0.5,,0.16,,0.01,
0.08,,"[85, 86, 229, 303]",,0.0,,0.19,,0.01,,0.6,,0.13,,0.01,
0.08,,"[85, 86, 228, 303]",,0.0,,0.19,,0.01,,0.6,,0.12,,0.01,
0.09,,"[86, 87, 228, 303]",,0.0,,0.14,,0.01,,0.66,,0.1,,0.0,
0.08,,"[86, 86, 228, 305]",,0.0,,0.13,,0.01,,0.68,,0.09,,0.0,
0.09,,"[87, 87, 226, 303]",,0.0,,0.17,,0.01,,0.62,,0.11,,0.01,
0.09,,"[87, 87, 226, 304]",,0.0,,0.17,,0.01,,0.61,,0.1,,0.01,
0.1,,"[86, 86, 228, 306]",,0.0,,0.21,,0.01,,0.53,,0.13,,0.01,
0.11,,"[87, 87, 226, 305]",,0.0,,0.2,,0.01,,0.52,,0.14,,0.01,
0.14,,"[86, 87, 228, 304]",,0.0,,0.34,,0.01,,0.32,,0.18,,0.03,
0.15,,"[86, 87, 228, 305]",,0.0,,0.34,,0.0,,0.3,,0.17,,0.04,
0.1,,"[85, 85, 229, 307]",,0.0,,0.32,,0.01,,0.37,,0.17,,0.03,
0.14,,"[85, 87, 228, 306]",,0.0,,0.31,,0.0,,0.39,,0.14,,0.03,
0.14,,"[86, 86, 227, 307]",,0.0,,0.39,,0.0,,0.28,,0.15,,0.05,
0.17,,"[86, 88, 228, 305]",,0.0,,0.35,,0.0,,0.27,,0.16,,0.04,
0.19,,"[86, 88, 227, 304]",,0.0,,0.39,,0.0,,0.21,,0.18,,0.04,
0.2,,"[86, 87, 228, 306]",,0.0,,0.36,,0.0,,0.25,,0.15,,0.03,
0.1,,"[86, 87, 227, 304]",,0.0,,0.38,,0.0,,0.27,,0.18,,0.06,
0.1,,"[86, 87, 227, 304]",,0.0,,0.41,,0.0,,0.26,,0.17,,0.06,
0.09,,"[86, 86, 227, 304]",,0.0,,0.49,,0.0,,0.18,,0.19,,0.05,
0.09,,"[87, 87, 226, 303]",,0.0,,0.45,,0.0,,0.24,,0.18,,0.04,
0.11,,"[86, 85, 228, 306]",,0.0,,0.44,,0.0,,0.21,,0.19,,0.04,
0.09,,"[86, 85, 228, 305]",,0.0,,0.42,,0.0,,0.2,,0.23,,0.05,
0.1,,"[87, 86, 228, 305]",,0.0,,0.5,,0.0,,0.15,,0.17,,0.07,
0.11,,"[87, 85, 228, 306]",,0.0,,0.51,,0.0,,0.14,,0.17,,0.06,
0.09,,"[88, 85, 228, 306]",,0.0,,0.49,,0.0,,0.17,,0.2,,0.06,
0.09,,"[88, 84, 228, 306]",,0.0,,0.49,,0.0,,0.15,,0.23,,0.04,
0.08,,"[89, 85, 228, 303]",,0.0,,0.53,,0.0,,0.17,,0.16,,0.06,
0.09,,"[89, 85, 228, 303]",,0.0,,0.53,,0.0,,0.15,,0.17,,0.05,
0.06,,"[88, 79, 233, 314]",,0.0,,0.55,,0.0,,0.1,,0.21,,0.08,
0.07,,"[88, 79, 232, 313]",,0.0,,0.55,,0.0,,0.09,,0.19,,0.09,
0.1,,"[90, 84, 230, 307]",,0.0,,0.43,,0.0,,0.19,,0.23,,0.05,
0.1,,"[90, 85, 230, 306]",,0.0,,0.44,,0.0,,0.16,,0.23,,0.06,
0.13,,"[91, 85, 230, 306]",,0.0,,0.47,,0.0,,0.16,,0.2,,0.04,
0.12,,"[91, 84, 230, 307]",,0.0,,0.49,,0.0,,0.14,,0.22,,0.03,
0.18,,"[90, 82, 233, 312]",,0.0,,0.46,,0.0,,0.08,,0.22,,0.05,
0.14,,"[90, 83, 232, 313]",,0.0,,0.57,,0.0,,0.04,,0.21,,0.04,
0.2,,"[90, 73, 232, 319]",,0.0,,0.41,,0.0,,0.06,,0.25,,0.07,
0.17,,"[90, 73, 232, 318]",,0.0,,0.48,,0.0,,0.05,,0.22,,0.08,
0.17,,"[90, 69, 236, 325]",,0.0,,0.44,,0.0,,0.06,,0.29,,0.04,
0.17,,"[90, 69, 235, 324]",,0.0,,0.43,,0.0,,0.05,,0.3,,0.05,
0.13,,"[91, 75, 234, 313]",,0.0,,0.38,,0.01,,0.07,,0.34,,0.07,
0.15,,"[91, 76, 233, 313]",,0.0,,0.36,,0.02,,0.07,,0.34,,0.06,
0.16,,"[92, 75, 233, 310]",,0.0,,0.34,,0.02,,0.05,,0.38,,0.06,
0.12,,"[91, 74, 233, 311]",,0.0,,0.46,,0.01,,0.03,,0.3,,0.08,
0.07,,"[92, 71, 236, 315]",,0.0,,0.47,,0.01,,0.06,,0.26,,0.13,
0.06,,"[92, 70, 236, 316]",,0.0,,0.5,,0.01,,0.05,,0.24,,0.13,
0.07,,"[93, 73, 234, 311]",,0.0,,0.44,,0.01,,0.06,,0.33,,0.1,
0.06,,"[92, 72, 236, 313]",,0.0,,0.44,,0.01,,0.07,,0.3,,0.12,
0.08,,"[91, 74, 237, 310]",,0.0,,0.42,,0.01,,0.15,,0.27,,0.06,
0.08,,"[92, 74, 236, 310]",,0.0,,0.43,,0.01,,0.15,,0.27,,0.06,
0.05,,"[87, 65, 243, 325]",,0.0,,0.35,,0.01,,0.28,,0.2,,0.1,
0.05,,"[87, 66, 243, 325]",,0.0,,0.38,,0.01,,0.27,,0.22,,0.08,
0.07,,"[85, 67, 244, 326]",,0.0,,0.38,,0.01,,0.32,,0.18,,0.05,
0.07,,"[85, 67, 244, 325]",,0.0,,0.38,,0.01,,0.31,,0.2,,0.05,
0.07,,"[89, 79, 234, 307]",,0.0,,0.32,,0.01,,0.47,,0.12,,0.02,
0.07,,"[89, 80, 233, 306]",,0.0,,0.3,,0.01,,0.47,,0.13,,0.02,
0.06,,"[89, 78, 233, 308]",,0.0,,0.26,,0.02,,0.55,,0.1,,0.02,
0.06,,"[88, 78, 234, 309]",,0.0,,0.26,,0.01,,0.57,,0.08,,0.02,
0.05,,"[89, 80, 232, 306]",,0.0,,0.15,,0.01,,0.7,,0.07,,0.02,
0.05,,"[89, 80, 231, 306]",,0.0,,0.14,,0.01,,0.71,,0.07,,0.02,
0.04,,"[89, 77, 232, 308]",,0.0,,0.18,,0.03,,0.65,,0.09,,0.02,
0.04,,"[88, 77, 233, 309]",,0.0,,0.18,,0.02,,0.67,,0.08,,0.01,
0.05,,"[88, 79, 233, 307]",,0.0,,0.12,,0.02,,0.74,,0.06,,0.01,
0.05,,"[88, 79, 233, 307]",,0.0,,0.12,,0.01,,0.74,,0.07,,0.01,
0.03,,"[89, 80, 233, 310]",,0.0,,0.12,,0.01,,0.72,,0.11,,0.01,
0.03,,"[89, 80, 233, 310]",,0.0,,0.11,,0.01,,0.73,,0.11,,0.01,
0.02,,"[87, 77, 235, 313]",,0.0,,0.07,,0.01,,0.84,,0.05,,0.0,
0.02,,"[87, 78, 234, 311]",,0.0,,0.08,,0.01,,0.84,,0.04,,0.0,
0.03,,"[87, 78, 234, 312]",,0.0,,0.1,,0.01,,0.79,,0.07,,0.0,
0.03,,"[87, 78, 234, 311]",,0.0,,0.09,,0.01,,0.81,,0.05,,0.0,
0.07,,"[86, 71, 234, 313]",,0.0,,0.24,,0.02,,0.49,,0.15,,0.03,
0.08,,"[87, 71, 233, 313]",,0.0,,0.23,,0.02,,0.48,,0.16,,0.03,
0.03,,"[88, 79, 235, 311]",,0.0,,0.08,,0.02,,0.81,,0.05,,0.01,
0.03,,"[88, 79, 235, 311]",,0.0,,0.08,,0.02,,0.81,,0.05,,0.01,
0.04,,"[86, 83, 235, 307]",,0.0,,0.13,,0.01,,0.74,,0.08,,0.01,
0.03,,"[86, 82, 235, 308]",,0.0,,0.1,,0.01,,0.8,,0.06,,0.01,
0.04,,"[86, 82, 233, 307]",,0.0,,0.14,,0.02,,0.74,,0.06,,0.01,
0.04,,"[87, 81, 233, 307]",,0.0,,0.19,,0.02,,0.64,,0.09,,0.01,
0.03,,"[87, 84, 232, 305]",,0.0,,0.11,,0.02,,0.77,,0.06,,0.01,
0.03,,"[86, 82, 234, 308]",,0.0,,0.12,,0.02,,0.77,,0.05,,0.01,
0.04,,"[87, 83, 233, 306]",,0.0,,0.13,,0.02,,0.71,,0.08,,0.01,
0.04,,"[87, 84, 233, 305]",,0.0,,0.12,,0.01,,0.75,,0.06,,0.01,
0.06,,"[87, 82, 233, 307]",,0.0,,0.15,,0.02,,0.66,,0.1,,0.01,
0.06,,"[87, 82, 233, 307]",,0.0,,0.16,,0.02,,0.66,,0.1,,0.01,
0.07,,"[88, 81, 232, 307]",,0.0,,0.19,,0.02,,0.6,,0.12,,0.01,
0.06,,"[88, 81, 232, 307]",,0.0,,0.18,,0.02,,0.61,,0.12,,0.01,
0.02,,"[89, 82, 233, 309]",,0.0,,0.05,,0.03,,0.86,,0.04,,0.01,
0.02,,"[88, 81, 234, 310]",,0.0,,0.05,,0.03,,0.86,,0.04,,0.0,
0.02,,"[87, 81, 233, 313]",,0.0,,0.06,,0.01,,0.86,,0.05,,0.0,
0.03,,"[88, 83, 232, 309]",,0.0,,0.07,,0.01,,0.8,,0.07,,0.0,
0.02,,"[87, 80, 234, 313]",,0.0,,0.05,,0.02,,0.86,,0.04,,0.01,
0.02,,"[87, 79, 234, 315]",,0.0,,0.05,,0.02,,0.86,,0.05,,0.01,
0.02,0.07,"[85, 79, 235, 315]","[340, 224, 62, 93]",0.0,0.0,0.06,0.23,0.02,0.09,0.83,0.2,0.06,0.34,0.01,0.07
0.02,0.07,"[86, 80, 234, 314]","[340, 224, 62, 93]",0.0,0.0,0.05,0.23,0.02,0.09,0.85,0.2,0.05,0.34,0.01,0.07
0.03,0.06,"[85, 81, 233, 309]","[341, 225, 60, 90]",0.0,0.0,0.08,0.23,0.03,0.11,0.79,0.21,0.06,0.32,0.01,0.06
0.03,0.06,"[84, 82, 233, 308]","[340, 224, 61, 92]",0.0,0.0,0.08,0.24,0.03,0.1,0.79,0.22,0.05,0.29,0.01,0.08
0.02,,"[84, 82, 234, 310]",,0.0,,0.06,,0.03,,0.84,,0.04,,0.01,
0.02,0.05,"[84, 81, 234, 313]","[338, 225, 59, 89]",0.0,0.0,0.06,0.23,0.03,0.15,0.83,0.19,0.05,0.33,0.01,0.05
0.02,0.05,"[84, 80, 234, 314]","[339, 225, 59, 88]",0.0,0.0,0.06,0.22,0.03,0.13,0.82,0.23,0.06,0.28,0.01,0.08
0.02,0.07,"[84, 81, 234, 314]","[344, 230, 49, 71]",0.0,0.0,0.06,0.18,0.03,0.17,0.83,0.24,0.06,0.32,0.01,0.02
0.02,0.09,"[83, 83, 233, 311]","[343, 230, 50, 71]",0.0,0.0,0.06,0.17,0.03,0.21,0.84,0.23,0.05,0.28,0.01,0.02
0.01,0.08,"[83, 82, 234, 311]","[344, 230, 49, 71]",0.0,0.0,0.05,0.17,0.05,0.22,0.84,0.23,0.04,0.28,0.01,0.02
0.02,,"[84, 83, 233, 311]",,0.0,,0.05,,0.05,,0.83,,0.04,,0.01,
0.02,,"[84, 82, 232, 313]",,0.0,,0.05,,0.05,,0.82,,0.05,,0.01,
0.02,,"[83, 82, 233, 313]",,0.0,,0.06,,0.04,,0.84,,0.04,,0.01,
0.02,,"[83, 83, 233, 312]",,0.0,,0.06,,0.02,,0.84,,0.05,,0.01,
0.02,,"[83, 83, 233, 312]",,0.0,,0.07,,0.02,,0.82,,0.06,,0.01,
0.02,,"[83, 83, 234, 312]",,0.0,,0.07,,0.02,,0.82,,0.06,,0.01,
0.02,,"[83, 82, 233, 313]",,0.0,,0.06,,0.04,,0.81,,0.05,,0.01,
0.02,,"[83, 82, 233, 313]",,0.0,,0.06,,0.05,,0.81,,0.05,,0.01,
0.02,,"[83, 81, 234, 314]",,0.0,,0.05,,0.04,,0.83,,0.05,,0.01,
0.02,,"[83, 81, 233, 314]",,0.0,,0.05,,0.04,,0.84,,0.05,,0.01,
0.02,0.05,"[83, 82, 232, 312]","[343, 230, 51, 73]",0.0,0.0,0.05,0.16,0.03,0.23,0.85,0.2,0.05,0.33,0.01,0.02
0.02,0.05,"[83, 82, 232, 312]","[343, 230, 51, 73]",0.0,0.0,0.05,0.16,0.03,0.23,0.84,0.21,0.05,0.34,0.01,0.02
0.02,,"[83, 82, 232, 313]",,0.0,,0.06,,0.04,,0.8,,0.07,,0.01,
0.02,,"[83, 82, 232, 313]",,0.0,,0.06,,0.04,,0.79,,0.07,,0.01,
0.02,,"[83, 80, 233, 315]",,0.0,,0.05,,0.04,,0.81,,0.06,,0.01,
0.03,,"[83, 84, 231, 309]",,0.0,,0.07,,0.02,,0.81,,0.06,,0.01,
0.03,,"[84, 83, 231, 312]",,0.0,,0.06,,0.03,,0.79,,0.08,,0.01,
0.03,,"[83, 84, 232, 309]",,0.0,,0.05,,0.03,,0.82,,0.07,,0.01,
0.02,,"[82, 82, 234, 313]",,0.0,,0.06,,0.04,,0.8,,0.07,,0.01,
0.02,,"[82, 81, 234, 313]",,0.0,,0.05,,0.03,,0.82,,0.06,,0.01,
0.03,,"[82, 83, 233, 312]",,0.0,,0.07,,0.04,,0.78,,0.07,,0.01,
0.03,,"[82, 82, 233, 313]",,0.0,,0.06,,0.04,,0.81,,0.06,,0.01,
0.02,0.08,"[82, 83, 232, 311]","[343, 228, 51, 74]",0.0,0.0,0.06,0.17,0.03,0.24,0.83,0.24,0.06,0.25,0.01,0.02
0.02,,"[83, 83, 231, 311]",,0.0,,0.06,,0.03,,0.82,,0.06,,0.01,
0.02,,"[82, 83, 232, 311]",,0.0,,0.06,,0.04,,0.82,,0.05,,0.01,
0.02,,"[82, 83, 232, 311]",,0.0,,0.06,,0.04,,0.82,,0.05,,0.01,
0.02,,"[83, 84, 231, 310]",,0.0,,0.06,,0.05,,0.81,,0.05,,0.01,
0.03,,"[83, 84, 231, 310]",,0.0,,0.06,,0.05,,0.8,,0.06,,0.01,
0.04,,"[82, 84, 231, 309]",,0.0,,0.09,,0.03,,0.77,,0.06,,0.0,
0.03,,"[82, 84, 231, 312]",,0.0,,0.07,,0.03,,0.82,,0.05,,0.01,
0.03,,"[83, 87, 230, 307]",,0.0,,0.05,,0.02,,0.85,,0.05,,0.0,
0.02,,"[82, 84, 232, 311]",,0.0,,0.05,,0.04,,0.84,,0.05,,0.0,
0.04,0.08,"[83, 86, 229, 308]","[343, 228, 52, 76]",0.0,0.0,0.06,0.17,0.02,0.22,0.81,0.17,0.06,0.33,0.0,0.03
0.04,0.07,"[82, 85, 231, 309]","[343, 228, 52, 77]",0.0,0.01,0.08,0.18,0.02,0.21,0.79,0.16,0.07,0.34,0.0,0.03
0.04,0.08,"[83, 83, 229, 311]","[343, 228, 52, 76]",0.0,0.0,0.08,0.15,0.03,0.22,0.78,0.14,0.07,0.38,0.01,0.03
0.03,0.08,"[83, 84, 229, 310]","[343, 228, 52, 76]",0.0,0.0,0.1,0.15,0.03,0.22,0.75,0.14,0.07,0.38,0.01,0.03
0.08,,"[81, 78, 232, 318]",,0.0,,0.18,,0.01,,0.61,,0.09,,0.02,
0.1,,"[81, 78, 232, 317]",,0.0,,0.25,,0.01,,0.48,,0.12,,0.04,
0.14,,"[82, 79, 232, 316]",,0.0,,0.39,,0.0,,0.18,,0.15,,0.15,
0.14,,"[82, 79, 232, 316]",,0.0,,0.39,,0.0,,0.18,,0.15,,0.14,
0.14,,"[82, 77, 233, 320]",,0.0,,0.47,,0.0,,0.05,,0.17,,0.16,
0.13,,"[83, 77, 232, 320]",,0.0,,0.48,,0.0,,0.05,,0.18,,0.15,
0.14,,"[82, 76, 233, 322]",,0.0,,0.49,,0.0,,0.04,,0.18,,0.14,
0.14,,"[82, 76, 233, 322]",,0.0,,0.5,,0.0,,0.04,,0.17,,0.14,
0.09,,"[82, 74, 233, 324]",,0.0,,0.47,,0.0,,0.04,,0.17,,0.21,
0.09,,"[82, 74, 233, 324]",,0.0,,0.47,,0.0,,0.04,,0.17,,0.22,
0.05,0.06,"[81, 70, 234, 327]","[340, 227, 51, 76]",0.0,0.0,0.42,0.19,0.0,0.21,0.06,0.12,0.13,0.35,0.34,0.06
0.05,0.07,"[81, 70, 234, 327]","[340, 227, 51, 76]",0.0,0.0,0.42,0.19,0.0,0.22,0.06,0.12,0.13,0.36,0.34,0.06
0.05,,"[81, 72, 234, 323]",,0.0,,0.39,,0.01,,0.1,,0.21,,0.23,
0.05,,"[81, 72, 234, 323]",,0.0,,0.42,,0.0,,0.09,,0.21,,0.23,
0.04,,"[82, 74, 233, 319]",,0.0,,0.42,,0.01,,0.08,,0.18,,0.28,
0.04,,"[82, 74, 233, 319]",,0.0,,0.42,,0.01,,0.08,,0.19,,0.27,
0.05,,"[82, 74, 233, 321]",,0.0,,0.45,,0.0,,0.05,,0.15,,0.28,
0.05,,"[82, 74, 233, 321]",,0.0,,0.45,,0.0,,0.05,,0.16,,0.28,
0.15,,"[82, 76, 232, 323]",,0.0,,0.34,,0.01,,0.09,,0.14,,0.27,
0.15,,"[82, 76, 232, 323]",,0.0,,0.33,,0.01,,0.09,,0.15,,0.27,
0.23,0.05,"[82, 80, 231, 320]","[341, 229, 47, 70]",0.0,0.01,0.39,0.18,0.01,0.27,0.07,0.12,0.22,0.35,0.08,0.03
0.18,0.05,"[82, 81, 231, 320]","[341, 229, 47, 70]",0.0,0.01,0.42,0.19,0.01,0.27,0.05,0.12,0.26,0.34,0.09,0.03
0.18,,"[82, 82, 230, 320]",,0.0,,0.42,,0.01,,0.07,,0.27,,0.06,
0.16,,"[82, 83, 230, 319]",,0.0,,0.43,,0.01,,0.07,,0.28,,0.05,
0.17,,"[81, 84, 228, 316]",,0.0,,0.3,,0.02,,0.17,,0.31,,0.03,
0.14,,"[81, 85, 229, 316]",,0.0,,0.38,,0.02,,0.13,,0.28,,0.05,
0.09,0.05,"[77, 84, 230, 315]","[338, 229, 46, 67]",0.0,0.0,0.3,0.16,0.03,0.28,0.27,0.13,0.29,0.35,0.02,0.03
0.07,,"[76, 84, 231, 315]",,0.0,,0.29,,0.03,,0.29,,0.31,,0.02,
0.06,,"[72, 82, 234, 320]",,0.0,,0.24,,0.03,,0.49,,0.16,,0.01,
0.06,,"[72, 80, 232, 314]",,0.0,,0.32,,0.02,,0.39,,0.19,,0.02,
0.03,,"[71, 87, 232, 309]",,0.0,,0.19,,0.08,,0.64,,0.06,,0.0,
0.03,,"[72, 87, 232, 309]",,0.0,,0.17,,0.1,,0.64,,0.06,,0.0,
0.03,,"[69, 87, 233, 309]",,0.0,,0.18,,0.04,,0.69,,0.05,,0.0,
0.05,,"[69, 86, 234, 310]",,0.0,,0.2,,0.03,,0.66,,0.05,,0.0,
0.05,,"[68, 91, 231, 305]",,0.0,,0.25,,0.01,,0.53,,0.15,,0.01,
0.07,,"[67, 87, 232, 309]",,0.0,,0.34,,0.01,,0.4,,0.17,,0.01,
0.05,,"[65, 91, 233, 305]",,0.0,,0.31,,0.01,,0.32,,0.29,,0.02,
0.06,,"[65, 91, 232, 304]",,0.0,,0.38,,0.01,,0.27,,0.27,,0.02,
0.05,,"[65, 91, 231, 307]",,0.0,,0.37,,0.0,,0.34,,0.22,,0.01,
0.05,,"[64, 92, 231, 305]",,0.0,,0.41,,0.0,,0.27,,0.25,,0.02,
0.06,,"[64, 95, 229, 303]",,0.0,,0.42,,0.0,,0.25,,0.23,,0.03,
0.06,,"[62, 94, 232, 305]",,0.0,,0.43,,0.0,,0.25,,0.23,,0.03,
0.06,,"[61, 94, 231, 305]",,0.0,,0.49,,0.0,,0.18,,0.23,,0.03,
0.06,,"[61, 94, 231, 305]",,0.0,,0.5,,0.0,,0.18,,0.23,,0.03,
0.06,,"[60, 93, 231, 307]",,0.0,,0.48,,0.0,,0.22,,0.2,,0.03,
0.05,,"[60, 94, 231, 306]",,0.0,,0.54,,0.0,,0.18,,0.19,,0.03,
0.08,,"[55, 86, 231, 317]",,0.0,,0.31,,0.01,,0.32,,0.23,,0.05,
0.07,,"[55, 87, 231, 316]",,0.0,,0.28,,0.01,,0.39,,0.2,,0.04,
0.07,,"[55, 88, 233, 313]",,0.0,,0.38,,0.01,,0.28,,0.22,,0.04,
0.06,,"[55, 87, 234, 315]",,0.0,,0.43,,0.01,,0.25,,0.2,,0.05,
0.03,,"[56, 89, 233, 312]",,0.0,,0.31,,0.02,,0.45,,0.16,,0.03,
0.09,,"[54, 88, 235, 310]",,0.0,,0.16,,0.04,,0.66,,0.04,,0.01,
0.07,,"[54, 87, 235, 311]",,0.0,,0.15,,0.04,,0.69,,0.04,,0.01,
0.07,,"[54, 88, 235, 310]",,0.0,,0.14,,0.03,,0.7,,0.04,,0.01,
0.07,,"[54, 88, 235, 310]",,0.0,,0.13,,0.04,,0.71,,0.04,,0.01,
0.06,,"[55, 88, 235, 309]",,0.0,,0.16,,0.04,,0.68,,0.04,,0.01,
0.06,,"[55, 88, 235, 310]",,0.0,,0.12,,0.04,,0.73,,0.04,,0.01,
0.03,,"[56, 93, 230, 305]",,0.0,,0.12,,0.02,,0.77,,0.06,,0.0,
0.03,,"[56, 92, 231, 306]",,0.0,,0.11,,0.02,,0.79,,0.05,,0.0,
0.06,,"[54, 94, 233, 306]",,0.0,,0.34,,0.01,,0.5,,0.08,,0.02,
0.04,,"[55, 94, 232, 305]",,0.0,,0.33,,0.01,,0.51,,0.09,,0.01,
0.22,,"[55, 97, 230, 305]",,0.0,,0.49,,0.01,,0.15,,0.11,,0.02,
0.23,,"[56, 97, 229, 306]",,0.0,,0.46,,0.01,,0.16,,0.13,,0.01,
0.12,,"[57, 95, 232, 311]",,0.0,,0.48,,0.01,,0.24,,0.13,,0.03,
0.12,,"[57, 95, 232, 310]",,0.0,,0.53,,0.01,,0.18,,0.12,,0.03,
0.08,,"[57, 91, 233, 316]",,0.0,,0.39,,0.01,,0.28,,0.11,,0.13,
0.1,,"[57, 92, 233, 315]",,0.0,,0.39,,0.01,,0.29,,0.13,,0.08,
0.04,,"[57, 89, 235, 316]",,0.0,,0.37,,0.01,,0.3,,0.1,,0.19,
0.04,,"[57, 89, 235, 316]",,0.0,,0.36,,0.01,,0.3,,0.1,,0.19,
0.04,,"[58, 92, 233, 313]",,0.0,,0.33,,0.01,,0.44,,0.11,,0.07,
0.04,,"[58, 92, 233, 313]",,0.0,,0.34,,0.01,,0.42,,0.11,,0.07,
0.04,,"[57, 87, 233, 314]",,0.0,,0.38,,0.0,,0.36,,0.14,,0.08,
0.04,,"[57, 86, 233, 315]",,0.0,,0.4,,0.0,,0.34,,0.1,,0.12,
0.05,,"[57, 88, 234, 312]",,0.0,,0.43,,0.0,,0.26,,0.18,,0.08,
0.04,,"[58, 88, 233, 312]",,0.0,,0.43,,0.0,,0.25,,0.16,,0.12,
0.04,,"[56, 86, 234, 313]",,0.0,,0.35,,0.01,,0.33,,0.11,,0.17,
0.04,,"[57, 87, 233, 312]",,0.0,,0.37,,0.0,,0.3,,0.14,,0.15,
0.04,,"[58, 88, 232, 311]",,0.0,,0.44,,0.0,,0.25,,0.17,,0.11,
0.04,,"[57, 87, 233, 312]",,0.0,,0.43,,0.0,,0.27,,0.13,,0.13,
0.04,,"[57, 86, 233, 312]",,0.0,,0.35,,0.01,,0.38,,0.1,,0.12,
0.04,,"[58, 88, 233, 311]",,0.0,,0.38,,0.0,,0.34,,0.17,,0.07,
0.03,,"[57, 87, 234, 311]",,0.0,,0.3,,0.01,,0.47,,0.1,,0.09,
0.04,,"[57, 87, 233, 311]",,0.0,,0.31,,0.01,,0.44,,0.11,,0.08,
0.05,,"[59, 87, 233, 312]",,0.0,,0.29,,0.01,,0.5,,0.08,,0.06,
0.05,,"[59, 87, 233, 312]",,0.0,,0.29,,0.01,,0.5,,0.08,,0.06,
0.04,,"[59, 88, 232, 310]",,0.0,,0.18,,0.02,,0.64,,0.08,,0.03,
0.04,,"[58, 88, 233, 309]",,0.0,,0.15,,0.02,,0.68,,0.07,,0.03,
0.02,,"[57, 86, 234, 311]",,0.0,,0.09,,0.03,,0.81,,0.04,,0.01,
0.03,,"[57, 86, 234, 311]",,0.0,,0.09,,0.03,,0.8,,0.04,,0.01,
0.04,,"[58, 82, 233, 316]",,0.0,,0.17,,0.03,,0.68,,0.07,,0.01,
0.03,,"[58, 82, 232, 316]",,0.0,,0.14,,0.02,,0.74,,0.05,,0.01,
0.05,,"[60, 91, 230, 307]",,0.0,,0.15,,0.03,,0.71,,0.06,,0.01,
0.05,,"[60, 91, 230, 307]",,0.0,,0.15,,0.03,,0.7,,0.06,,0.01,
0.03,,"[58, 88, 232, 310]",,0.0,,0.09,,0.03,,0.79,,0.05,,0.01,
0.03,,"[58, 88, 232, 310]",,0.0,,0.09,,0.03,,0.79,,0.06,,0.01,
0.03,,"[58, 89, 232, 309]",,0.0,,0.1,,0.03,,0.78,,0.05,,0.01,
0.03,,"[58, 89, 232, 309]",,0.0,,0.1,,0.03,,0.78,,0.05,,0.01,
0.03,,"[57, 89, 232, 308]",,0.0,,0.11,,0.04,,0.77,,0.05,,0.01,
0.03,,"[58, 91, 231, 307]",,0.0,,0.1,,0.04,,0.77,,0.06,,0.01,
0.03,,"[56, 89, 233, 309]",,0.0,,0.09,,0.03,,0.79,,0.05,,0.01,
0.03,,"[56, 88, 233, 309]",,0.0,,0.09,,0.03,,0.8,,0.04,,0.01,
0.03,,"[57, 89, 232, 309]",,0.0,,0.1,,0.03,,0.79,,0.04,,0.01,
0.03,,"[56, 89, 233, 309]",,0.0,,0.1,,0.03,,0.78,,0.05,,0.01,
0.03,,"[56, 89, 233, 309]",,0.0,,0.12,,0.03,,0.75,,0.06,,0.01,
0.04,,"[57, 90, 232, 308]",,0.0,,0.12,,0.02,,0.74,,0.07,,0.01,
0.04,,"[58, 91, 231, 307]",,0.0,,0.13,,0.03,,0.72,,0.07,,0.01,
0.04,,"[59, 92, 230, 307]",,0.0,,0.13,,0.02,,0.74,,0.05,,0.02,
0.04,,"[58, 90, 231, 308]",,0.0,,0.09,,0.02,,0.79,,0.05,,0.01,
0.04,,"[58, 91, 231, 307]",,0.0,,0.11,,0.03,,0.75,,0.06,,0.01,
0.04,,"[58, 89, 232, 308]",,0.0,,0.1,,0.03,,0.77,,0.05,,0.01,
0.04,,"[61, 92, 229, 307]",,0.0,,0.13,,0.02,,0.73,,0.06,,0.02,
0.04,,"[57, 86, 233, 312]",,0.0,,0.09,,0.02,,0.81,,0.04,,0.01,
0.04,,"[57, 86, 233, 312]",,0.0,,0.09,,0.02,,0.8,,0.04,,0.01,
0.04,,"[58, 85, 232, 313]",,0.0,,0.1,,0.02,,0.78,,0.04,,0.01,
0.04,,"[58, 85, 233, 312]",,0.0,,0.14,,0.03,,0.74,,0.05,,0.01,
0.04,,"[57, 86, 233, 312]",,0.0,,0.11,,0.02,,0.77,,0.06,,0.01,
0.04,,"[58, 86, 233, 312]",,0.0,,0.1,,0.02,,0.79,,0.05,,0.01,
0.04,,"[57, 85, 234, 314]",,0.0,,0.11,,0.02,,0.77,,0.05,,0.01,
0.03,,"[57, 85, 234, 314]",,0.0,,0.1,,0.02,,0.78,,0.05,,0.01,
0.04,,"[58, 85, 232, 313]",,0.0,,0.14,,0.02,,0.74,,0.06,,0.01,
0.03,,"[57, 86, 234, 312]",,0.0,,0.11,,0.02,,0.78,,0.05,,0.01,
0.03,,"[57, 87, 233, 310]",,0.0,,0.09,,0.02,,0.81,,0.05,,0.01,
0.03,,"[58, 85, 233, 313]",,0.0,,0.1,,0.02,,0.79,,0.05,,0.01,
0.03,,"[57, 86, 234, 312]",,0.0,,0.09,,0.01,,0.81,,0.05,,0.01,
0.03,,"[57, 86, 234, 312]",,0.0,,0.09,,0.01,,0.81,,0.05,,0.01,
0.03,,"[58, 86, 232, 312]",,0.0,,0.09,,0.02,,0.81,,0.05,,0.01,
0.03,,"[58, 86, 232, 311]",,0.0,,0.09,,0.02,,0.8,,0.05,,0.01,
0.03,,"[58, 86, 231, 311]",,0.0,,0.11,,0.02,,0.78,,0.05,,0.01,
0.03,,"[58, 85, 232, 312]",,0.0,,0.12,,0.02,,0.77,,0.05,,0.01,
0.03,,"[58, 87, 232, 310]",,0.0,,0.08,,0.02,,0.81,,0.05,,0.01,
0.03,,"[58, 87, 232, 310]",,0.0,,0.09,,0.02,,0.8,,0.05,,0.01,
0.04,,"[61, 94, 228, 305]",,0.0,,0.11,,0.02,,0.77,,0.05,,0.01,
0.03,,"[57, 87, 233, 311]",,0.0,,0.09,,0.02,,0.79,,0.05,,0.01,
0.04,,"[61, 93, 229, 307]",,0.0,,0.1,,0.02,,0.79,,0.04,,0.01,
0.04,,"[61, 93, 229, 307]",,0.0,,0.1,,0.02,,0.79,,0.04,,0.01,
0.04,,"[58, 87, 233, 308]",,0.0,,0.14,,0.03,,0.74,,0.05,,0.01,
0.03,,"[58, 87, 233, 308]",,0.0,,0.14,,0.04,,0.73,,0.05,,0.01,
0.04,,"[58, 89, 233, 306]",,0.0,,0.18,,0.04,,0.66,,0.07,,0.01,
0.04,,"[58, 89, 233, 306]",,0.0,,0.18,,0.04,,0.66,,0.07,,0.01,
0.03,,"[58, 87, 233, 309]",,0.0,,0.14,,0.03,,0.72,,0.07,,0.01,
0.04,,"[59, 88, 232, 307]",,0.0,,0.17,,0.04,,0.68,,0.06,,0.02,
0.04,,"[58, 87, 234, 310]",,0.0,,0.11,,0.02,,0.76,,0.07,,0.01,
0.03,,"[59, 88, 233, 307]",,0.0,,0.16,,0.04,,0.7,,0.06,,0.01,
0.03,,"[60, 88, 232, 308]",,0.0,,0.14,,0.02,,0.74,,0.05,,0.01,
0.03,,"[60, 87, 232, 308]",,0.0,,0.13,,0.03,,0.75,,0.06,,0.01,
0.03,,"[60, 87, 233, 309]",,0.0,,0.12,,0.03,,0.75,,0.06,,0.01,
0.04,,"[60, 87, 233, 310]",,0.0,,0.12,,0.02,,0.74,,0.07,,0.01,
0.03,,"[61, 86, 232, 312]",,0.0,,0.09,,0.02,,0.81,,0.04,,0.01,
0.03,,"[61, 86, 232, 312]",,0.0,,0.09,,0.02,,0.8,,0.05,,0.01,
0.04,,"[61, 87, 232, 309]",,0.0,,0.13,,0.02,,0.74,,0.06,,0.01,
0.03,,"[61, 87, 232, 309]",,0.0,,0.12,,0.02,,0.75,,0.06,,0.01,
0.03,,"[60, 86, 233, 311]",,0.0,,0.09,,0.02,,0.81,,0.04,,0.01,
0.03,,"[61, 87, 232, 309]",,0.0,,0.11,,0.03,,0.77,,0.06,,0.01,
0.03,,"[61, 87, 232, 308]",,0.0,,0.15,,0.03,,0.71,,0.07,,0.01,
0.03,,"[60, 87, 233, 309]",,0.0,,0.12,,0.03,,0.76,,0.06,,0.01,
0.03,,"[61, 87, 232, 309]",,0.0,,0.14,,0.03,,0.72,,0.07,,0.01,
0.03,,"[61, 88, 232, 308]",,0.0,,0.16,,0.02,,0.69,,0.08,,0.01,
0.03,,"[60, 87, 233, 309]",,0.0,,0.12,,0.02,,0.74,,0.07,,0.01,
0.04,,"[60, 87, 233, 308]",,0.0,,0.14,,0.03,,0.72,,0.07,,0.01,
0.04,,"[60, 89, 232, 306]",,0.0,,0.18,,0.03,,0.67,,0.07,,0.01,
0.04,,"[60, 88, 233, 307]",,0.0,,0.16,,0.02,,0.7,,0.07,,0.01,
0.03,,"[59, 93, 231, 301]",,0.0,,0.11,,0.03,,0.8,,0.04,,0.0,
0.03,,"[59, 93, 231, 301]",,0.0,,0.11,,0.03,,0.8,,0.04,,0.0,
0.03,,"[57, 95, 231, 299]",,0.0,,0.27,,0.03,,0.63,,0.05,,0.0,
0.02,,"[59, 95, 229, 299]",,0.0,,0.23,,0.03,,0.67,,0.05,,0.0,
0.02,,"[59, 92, 230, 302]",,0.0,,0.16,,0.04,,0.75,,0.03,,0.0,
0.03,,"[58, 91, 230, 303]",,0.0,,0.22,,0.04,,0.68,,0.04,,0.0,
0.03,,"[59, 89, 230, 305]",,0.0,,0.15,,0.04,,0.73,,0.04,,0.0,
0.02,,"[58, 92, 231, 303]",,0.0,,0.11,,0.02,,0.82,,0.03,,0.0,
0.02,,"[58, 91, 232, 306]",,0.0,,0.08,,0.02,,0.85,,0.03,,0.0,
0.03,,"[59, 90, 231, 306]",,0.0,,0.08,,0.02,,0.83,,0.03,,0.0,
0.03,,"[57, 89, 233, 307]",,0.0,,0.07,,0.02,,0.84,,0.03,,0.0,
0.02,,"[57, 94, 232, 304]",,0.0,,0.05,,0.01,,0.87,,0.04,,0.0,
0.03,,"[58, 95, 230, 303]",,0.0,,0.06,,0.02,,0.85,,0.04,,0.0,
0.03,,"[58, 94, 231, 304]",,0.0,,0.07,,0.02,,0.84,,0.04,,0.0,
0.03,,"[59, 94, 229, 304]",,0.0,,0.08,,0.02,,0.82,,0.05,,0.01,
0.03,,"[56, 94, 233, 306]",,0.0,,0.05,,0.01,,0.87,,0.03,,0.0,
0.03,,"[58, 94, 231, 305]",,0.0,,0.06,,0.02,,0.85,,0.03,,0.0,
0.03,,"[57, 94, 232, 305]",,0.0,,0.06,,0.02,,0.85,,0.04,,0.0,
0.03,,"[59, 93, 231, 307]",,0.0,,0.06,,0.01,,0.86,,0.04,,0.0,
0.03,,"[56, 94, 233, 306]",,0.0,,0.06,,0.01,,0.87,,0.03,,0.0,
0.04,,"[57, 94, 231, 304]",,0.0,,0.07,,0.01,,0.82,,0.05,,0.0,
0.04,,"[56, 95, 232, 304]",,0.0,,0.07,,0.01,,0.83,,0.04,,0.0,
0.03,,"[57, 93, 232, 307]",,0.0,,0.06,,0.01,,0.86,,0.04,,0.0,
0.03,,"[59, 93, 231, 307]",,0.0,,0.07,,0.01,,0.84,,0.04,,0.0,
0.02,,"[58, 94, 231, 306]",,0.0,,0.05,,0.01,,0.88,,0.03,,0.0,
0.03,,"[58, 93, 231, 306]",,0.0,,0.07,,0.02,,0.83,,0.04,,0.0,
0.02,,"[58, 94, 231, 306]",,0.0,,0.05,,0.01,,0.88,,0.03,,0.0,
0.02,,"[58, 94, 231, 306]",,0.0,,0.05,,0.01,,0.88,,0.03,,0.0,
0.03,,"[58, 94, 232, 305]",,0.0,,0.07,,0.01,,0.84,,0.04,,0.0,
0.04,,"[57, 87, 235, 311]",,0.0,,0.08,,0.02,,0.82,,0.04,,0.01,
0.03,,"[58, 93, 232, 307]",,0.0,,0.09,,0.01,,0.84,,0.03,,0.0,
0.03,,"[58, 93, 232, 307]",,0.0,,0.08,,0.01,,0.84,,0.03,,0.0,
0.03,,"[58, 94, 231, 305]",,0.0,,0.08,,0.01,,0.82,,0.05,,0.0,
0.04,,"[59, 94, 231, 305]",,0.0,,0.07,,0.02,,0.83,,0.04,,0.0,
0.03,,"[59, 92, 232, 308]",,0.0,,0.08,,0.02,,0.82,,0.05,,0.01,
0.03,,"[60, 92, 231, 308]",,0.0,,0.1,,0.02,,0.8,,0.04,,0.01,
0.03,,"[59, 94, 231, 306]",,0.0,,0.09,,0.02,,0.81,,0.04,,0.01,
0.04,,"[60, 94, 230, 305]",,0.0,,0.11,,0.02,,0.76,,0.05,,0.01,
0.03,,"[60, 93, 231, 307]",,0.0,,0.11,,0.02,,0.79,,0.04,,0.01,
0.03,,"[59, 93, 232, 308]",,0.0,,0.09,,0.02,,0.82,,0.04,,0.0,
0.03,,"[59, 93, 231, 307]",,0.0,,0.09,,0.02,,0.81,,0.05,,0.01,
0.04,,"[59, 93, 232, 307]",,0.0,,0.12,,0.02,,0.76,,0.06,,0.01,
0.03,,"[59, 94, 231, 306]",,0.0,,0.09,,0.02,,0.81,,0.05,,0.01,
0.03,,"[58, 94, 232, 306]",,0.0,,0.07,,0.02,,0.83,,0.05,,0.0,
0.03,,"[59, 95, 230, 304]",,0.0,,0.08,,0.02,,0.82,,0.04,,0.0,
0.03,,"[58, 94, 232, 307]",,0.0,,0.08,,0.01,,0.84,,0.04,,0.0,
0.03,,"[58, 89, 234, 308]",,0.0,,0.1,,0.02,,0.81,,0.03,,0.0,
0.03,,"[58, 89, 234, 308]",,0.0,,0.11,,0.02,,0.8,,0.03,,0.0,
0.02,,"[60, 98, 228, 298]",,0.0,,0.35,,0.02,,0.55,,0.06,,0.0,
0.03,,"[60, 98, 228, 298]",,0.0,,0.34,,0.02,,0.55,,0.06,,0.0,
0.02,,"[57, 93, 232, 305]",,0.0,,0.25,,0.03,,0.65,,0.05,,0.0,
0.02,,"[59, 93, 230, 305]",,0.0,,0.26,,0.02,,0.64,,0.06,,0.0,
0.02,,"[58, 92, 231, 306]",,0.0,,0.27,,0.02,,0.62,,0.06,,0.0,
0.03,,"[56, 93, 229, 304]",,0.0,,0.25,,0.03,,0.64,,0.06,,0.0,
0.03,,"[58, 90, 232, 309]",,0.0,,0.36,,0.01,,0.54,,0.06,,0.0,
0.03,,"[58, 91, 232, 308]",,0.0,,0.32,,0.02,,0.57,,0.06,,0.0,
0.03,,"[57, 93, 232, 304]",,0.0,,0.35,,0.02,,0.53,,0.06,,0.0,
0.03,,"[57, 93, 233, 304]",,0.0,,0.36,,0.02,,0.53,,0.07,,0.0,
0.03,,"[56, 96, 231, 300]",,0.0,,0.24,,0.01,,0.63,,0.08,,0.0,
0.03,,"[56, 96, 231, 300]",,0.0,,0.24,,0.01,,0.64,,0.08,,0.0,
0.03,,"[59, 92, 228, 304]",,0.0,,0.11,,0.01,,0.75,,0.09,,0.0,
0.03,,"[59, 92, 228, 304]",,0.0,,0.11,,0.01,,0.76,,0.08,,0.0,
0.06,,"[60, 89, 232, 313]",,0.0,,0.14,,0.01,,0.67,,0.11,,0.01,
0.05,,"[60, 89, 232, 313]",,0.0,,0.13,,0.01,,0.68,,0.1,,0.01,
0.06,,"[61, 89, 231, 313]",,0.0,,0.15,,0.01,,0.68,,0.07,,0.03,
0.05,,"[61, 88, 231, 314]",,0.0,,0.15,,0.02,,0.68,,0.07,,0.03,
0.06,,"[61, 87, 232, 315]",,0.0,,0.15,,0.02,,0.65,,0.08,,0.04,
0.06,,"[61, 88, 231, 314]",,0.0,,0.14,,0.01,,0.67,,0.08,,0.03,
0.07,,"[62, 89, 232, 311]",,0.0,,0.19,,0.02,,0.58,,0.09,,0.05,
0.07,,"[62, 89, 232, 311]",,0.0,,0.19,,0.02,,0.59,,0.09,,0.05,
0.09,,"[62, 88, 231, 312]",,0.0,,0.18,,0.01,,0.58,,0.1,,0.04,
0.09,,"[62, 88, 231, 312]",,0.0,,0.19,,0.01,,0.58,,0.1,,0.04,
0.08,,"[63, 87, 231, 313]",,0.0,,0.17,,0.01,,0.6,,0.08,,0.05,
0.08,,"[63, 87, 231, 312]",,0.0,,0.21,,0.02,,0.55,,0.08,,0.05,
0.07,,"[63, 86, 230, 311]",,0.0,,0.24,,0.02,,0.54,,0.07,,0.05,
0.07,,"[63, 86, 230, 311]",,0.0,,0.24,,0.02,,0.53,,0.07,,0.06,
0.08,,"[63, 87, 229, 310]",,0.0,,0.23,,0.01,,0.52,,0.09,,0.05,
0.08,,"[63, 87, 229, 310]",,0.0,,0.24,,0.02,,0.51,,0.09,,0.06,
0.07,,"[63, 87, 230, 310]",,0.0,,0.22,,0.01,,0.56,,0.08,,0.05,
0.07,,"[63, 87, 230, 310]",,0.0,,0.23,,0.02,,0.55,,0.09,,0.05,
0.05,,"[60, 84, 232, 311]",,0.0,,0.19,,0.01,,0.68,,0.05,,0.01,
0.05,,"[62, 87, 229, 309]",,0.0,,0.12,,0.01,,0.75,,0.05,,0.02,
0.05,,"[58, 90, 232, 303]",,0.0,,0.13,,0.02,,0.74,,0.05,,0.01,
0.04,,"[57, 89, 234, 305]",,0.0,,0.1,,0.02,,0.77,,0.05,,0.01,
0.04,,"[59, 89, 232, 305]",,0.0,,0.1,,0.02,,0.78,,0.05,,0.02,
0.05,,"[58, 89, 232, 305]",,0.0,,0.09,,0.02,,0.77,,0.05,,0.01,
0.05,,"[60, 90, 230, 303]",,0.0,,0.11,,0.02,,0.75,,0.06,,0.02,
0.06,,"[59, 89, 232, 304]",,0.0,,0.12,,0.02,,0.73,,0.06,,0.01,
0.05,,"[64, 87, 229, 309]",,0.0,,0.12,,0.02,,0.73,,0.06,,0.03,
0.05,,"[64, 87, 229, 309]",,0.0,,0.12,,0.02,,0.72,,0.06,,0.03,
0.06,,"[63, 86, 230, 310]",,0.0,,0.13,,0.01,,0.73,,0.05,,0.02,
0.05,,"[62, 87, 230, 308]",,0.0,,0.12,,0.01,,0.75,,0.05,,0.02,
0.04,,"[63, 87, 229, 309]",,0.0,,0.11,,0.01,,0.75,,0.06,,0.02,
0.06,,"[63, 87, 230, 309]",,0.0,,0.13,,0.01,,0.72,,0.06,,0.02,
0.04,0.06,"[62, 87, 230, 308]","[326, 232, 45, 65]",0.0,0.0,0.12,0.18,0.01,0.21,0.76,0.2,0.05,0.32,0.01,0.03
0.03,0.06,"[63, 88, 229, 307]","[326, 232, 45, 65]",0.0,0.0,0.09,0.18,0.01,0.21,0.8,0.2,0.05,0.33,0.01,0.03
0.05,0.04,"[64, 89, 228, 306]","[326, 232, 45, 64]",0.0,0.0,0.13,0.17,0.01,0.24,0.7,0.2,0.08,0.31,0.02,0.03
0.06,0.04,"[59, 85, 232, 306]","[326, 232, 45, 64]",0.0,0.0,0.2,0.17,0.02,0.25,0.62,0.2,0.08,0.31,0.03,0.03
0.05,,"[57, 86, 234, 306]",,0.0,,0.2,,0.02,,0.63,,0.09,,0.02,
0.05,,"[57, 85, 234, 306]",,0.0,,0.17,,0.02,,0.67,,0.07,,0.02,
0.04,0.04,"[58, 90, 232, 302]","[325, 232, 45, 64]",0.0,0.0,0.19,0.14,0.02,0.24,0.71,0.21,0.03,0.34,0.0,0.03
0.05,0.04,"[58, 90, 232, 302]","[325, 232, 45, 64]",0.0,0.0,0.2,0.13,0.02,0.25,0.7,0.2,0.03,0.34,0.0,0.04
0.04,0.04,"[58, 89, 233, 303]","[325, 232, 45, 64]",0.0,0.0,0.23,0.13,0.03,0.28,0.66,0.22,0.04,0.29,0.0,0.03
0.04,0.05,"[58, 89, 232, 303]","[325, 232, 44, 64]",0.0,0.0,0.22,0.13,0.03,0.31,0.67,0.2,0.04,0.28,0.0,0.03
0.06,0.05,"[59, 89, 232, 304]","[325, 232, 45, 64]",0.0,0.0,0.26,0.15,0.02,0.26,0.62,0.2,0.05,0.31,0.0,0.04
0.06,0.05,"[59, 89, 231, 304]","[325, 232, 45, 65]",0.0,0.0,0.28,0.14,0.02,0.28,0.6,0.21,0.04,0.28,0.0,0.03
0.05,0.04,"[58, 90, 233, 304]","[325, 233, 46, 63]",0.0,0.0,0.24,0.17,0.02,0.24,0.65,0.2,0.05,0.33,0.0,0.03
0.06,0.04,"[58, 90, 233, 304]","[326, 233, 45, 63]",0.0,0.0,0.25,0.17,0.02,0.23,0.63,0.2,0.05,0.32,0.0,0.03
0.05,0.04,"[59, 90, 230, 303]","[326, 232, 46, 65]",0.0,0.0,0.26,0.18,0.02,0.22,0.62,0.18,0.05,0.34,0.0,0.03
0.04,,"[59, 89, 230, 304]",,0.0,,0.25,,0.02,,0.65,,0.04,,0.0,
0.04,,"[60, 92, 229, 301]",,0.0,,0.24,,0.01,,0.65,,0.05,,0.0,
0.05,,"[60, 91, 229, 302]",,0.0,,0.25,,0.01,,0.63,,0.05,,0.0,
0.04,,"[60, 90, 230, 303]",,0.0,,0.2,,0.01,,0.71,,0.05,,0.0,
0.04,,"[60, 91, 229, 302]",,0.0,,0.21,,0.01,,0.69,,0.05,,0.0,
0.03,,"[59, 88, 231, 304]",,0.0,,0.2,,0.01,,0.73,,0.03,,0.0,
0.03,,"[59, 88, 231, 304]",,0.0,,0.2,,0.01,,0.74,,0.03,,0.0,
0.02,0.06,"[58, 90, 233, 302]","[325, 231, 46, 65]",0.0,0.0,0.15,0.18,0.01,0.2,0.8,0.21,0.02,0.32,0.0,0.03
0.02,0.06,"[58, 90, 233, 302]","[325, 232, 46, 64]",0.0,0.0,0.16,0.18,0.01,0.21,0.79,0.21,0.02,0.31,0.0,0.02
0.02,,"[58, 90, 231, 299]",,0.0,,0.11,,0.02,,0.83,,0.02,,0.0,
0.02,0.05,"[60, 89, 229, 301]","[324, 232, 46, 65]",0.0,0.0,0.12,0.13,0.02,0.26,0.82,0.21,0.02,0.31,0.0,0.03
0.02,,"[60, 89, 231, 305]",,0.0,,0.08,,0.02,,0.86,,0.02,,0.0,
0.02,,"[60, 89, 231, 304]",,0.0,,0.07,,0.01,,0.88,,0.02,,0.0,
0.02,0.05,"[60, 89, 231, 303]","[324, 232, 46, 64]",0.0,0.0,0.07,0.13,0.02,0.28,0.87,0.23,0.02,0.29,0.0,0.02
0.16,,"[92, 78, 240, 328]",,0.0,,0.13,,0.24,,0.37,,0.1,,0.01,
0.12,,"[90, 83, 238, 328]",,0.0,,0.05,,0.29,,0.38,,0.14,,0.01,
0.18,,"[90, 83, 238, 327]",,0.0,,0.05,,0.2,,0.4,,0.16,,0.01,
0.21,,"[90, 85, 238, 324]",,0.0,,0.06,,0.21,,0.3,,0.22,,0.01,
0.2,,"[90, 84, 238, 325]",,0.0,,0.07,,0.23,,0.31,,0.17,,0.01,
0.22,,"[89, 84, 240, 327]",,0.0,,0.04,,0.17,,0.34,,0.21,,0.01,
0.17,,"[90, 84, 239, 328]",,0.0,,0.04,,0.21,,0.38,,0.18,,0.01,
0.21,,"[89, 83, 240, 330]",,0.0,,0.03,,0.24,,0.37,,0.14,,0.01,
0.21,,"[90, 84, 239, 329]",,0.0,,0.04,,0.28,,0.31,,0.16,,0.01,
0.35,,"[91, 84, 240, 329]",,0.0,,0.04,,0.1,,0.36,,0.14,,0.01,
0.32,,"[91, 84, 240, 329]",,0.0,,0.04,,0.11,,0.37,,0.14,,0.01,
0.15,,"[89, 81, 242, 337]",,0.0,,0.04,,0.2,,0.48,,0.13,,0.01,
0.15,,"[89, 81, 242, 337]",,0.0,,0.04,,0.2,,0.47,,0.13,,0.01,
0.15,,"[94, 82, 239, 339]",,0.0,,0.07,,0.13,,0.51,,0.12,,0.01,
0.14,,"[94, 82, 239, 339]",,0.0,,0.08,,0.13,,0.51,,0.12,,0.01,
0.24,,"[93, 79, 242, 341]",,0.0,,0.07,,0.13,,0.44,,0.11,,0.01,
0.22,,"[93, 81, 242, 339]",,0.0,,0.06,,0.1,,0.48,,0.12,,0.02,
0.17,,"[95, 80, 242, 340]",,0.0,,0.05,,0.16,,0.49,,0.11,,0.01,
0.16,,"[90, 78, 245, 341]",,0.0,,0.02,,0.3,,0.4,,0.1,,0.01,
0.17,,"[94, 80, 244, 340]",,0.0,,0.04,,0.2,,0.49,,0.09,,0.01,
0.18,,"[93, 79, 245, 342]",,0.0,,0.04,,0.17,,0.5,,0.1,,0.01,
0.3,,"[92, 79, 244, 339]",,0.0,,0.06,,0.11,,0.39,,0.11,,0.02,
0.28,,"[90, 79, 245, 340]",,0.0,,0.04,,0.18,,0.36,,0.12,,0.02,
0.22,,"[92, 79, 243, 337]",,0.0,,0.09,,0.25,,0.33,,0.1,,0.01,
0.11,,"[92, 76, 244, 348]",,0.0,,0.06,,0.33,,0.35,,0.15,,0.01,
0.14,,"[89, 73, 246, 352]",,0.0,,0.05,,0.35,,0.33,,0.11,,0.01,
0.14,,"[89, 72, 245, 353]",,0.0,,0.04,,0.36,,0.35,,0.1,,0.01,
0.29,,"[89, 74, 248, 346]",,0.0,,0.08,,0.18,,0.37,,0.07,,0.02,
0.21,,"[89, 74, 247, 345]",,0.0,,0.05,,0.3,,0.38,,0.05,,0.01,
0.17,,"[92, 74, 248, 349]",,0.0,,0.1,,0.22,,0.39,,0.09,,0.03,
0.17,,"[92, 74, 248, 349]",,0.0,,0.11,,0.21,,0.39,,0.09,,0.03,
0.11,,"[91, 72, 249, 352]",,0.0,,0.09,,0.29,,0.42,,0.06,,0.02,
0.14,,"[92, 73, 248, 349]",,0.0,,0.12,,0.23,,0.41,,0.06,,0.03,
0.11,,"[89, 69, 246, 356]",,0.0,,0.09,,0.37,,0.35,,0.05,,0.03,
0.18,,"[91, 71, 247, 352]",,0.0,,0.16,,0.18,,0.38,,0.07,,0.03,
0.12,,"[90, 69, 248, 352]",,0.0,,0.13,,0.31,,0.37,,0.05,,0.02,
0.12,,"[91, 70, 248, 350]",,0.0,,0.11,,0.38,,0.33,,0.05,,0.02,
0.18,,"[94, 71, 243, 350]",,0.0,,0.13,,0.25,,0.33,,0.08,,0.03,
0.18,,"[94, 71, 242, 350]",,0.0,,0.14,,0.25,,0.32,,0.09,,0.02,
0.15,,"[93, 67, 244, 355]",,0.0,,0.09,,0.31,,0.38,,0.04,,0.03,
0.15,,"[92, 67, 245, 356]",,0.0,,0.09,,0.33,,0.36,,0.04,,0.04,
0.11,,"[96, 67, 244, 355]",,0.0,,0.11,,0.4,,0.3,,0.04,,0.04,
0.11,,"[96, 67, 244, 356]",,0.0,,0.14,,0.34,,0.31,,0.05,,0.05,
0.09,,"[97, 69, 244, 353]",,0.0,,0.16,,0.3,,0.33,,0.08,,0.04,
0.09,,"[97, 69, 244, 354]",,0.0,,0.14,,0.35,,0.32,,0.07,,0.03,
0.09,,"[98, 70, 242, 350]",,0.0,,0.09,,0.38,,0.36,,0.06,,0.02,
0.09,,"[98, 70, 242, 351]",,0.0,,0.11,,0.34,,0.36,,0.07,,0.03,
0.07,,"[98, 77, 244, 337]",,0.0,,0.19,,0.36,,0.28,,0.07,,0.04,
0.07,,"[96, 72, 243, 346]",,0.0,,0.15,,0.3,,0.38,,0.06,,0.04,
0.11,,"[98, 76, 243, 336]",,0.0,,0.27,,0.24,,0.26,,0.07,,0.05,
0.11,,"[98, 76, 243, 336]",,0.0,,0.28,,0.23,,0.27,,0.06,,0.05,
0.08,,"[97, 75, 242, 335]",,0.0,,0.28,,0.24,,0.3,,0.05,,0.05,
0.09,0.05,"[98, 76, 241, 334]","[367, 237, 45, 64]",0.0,0.01,0.24,0.14,0.24,0.16,0.33,0.25,0.05,0.38,0.05,0.02
0.1,,"[98, 75, 243, 334]",,0.0,,0.24,,0.25,,0.31,,0.05,,0.05,
0.1,,"[99, 75, 241, 334]",,0.0,,0.23,,0.28,,0.3,,0.05,,0.05,
0.11,,"[98, 75, 242, 333]",,0.0,,0.24,,0.3,,0.25,,0.04,,0.07,
0.11,,"[99, 75, 241, 333]",,0.0,,0.23,,0.3,,0.26,,0.04,,0.07,
0.11,,"[98, 74, 242, 334]",,0.0,,0.21,,0.31,,0.27,,0.04,,0.06,
0.1,,"[97, 73, 244, 336]",,0.0,,0.2,,0.31,,0.29,,0.03,,0.07,
0.09,,"[100, 76, 240, 332]",,0.0,,0.27,,0.22,,0.27,,0.08,,0.07,
0.1,,"[99, 75, 241, 333]",,0.0,,0.24,,0.23,,0.3,,0.07,,0.06,
0.06,,"[99, 76, 241, 333]",,0.0,,0.22,,0.3,,0.3,,0.05,,0.07,
0.06,,"[99, 75, 242, 334]",,0.0,,0.2,,0.32,,0.31,,0.05,,0.07,
0.09,,"[99, 76, 241, 331]",,0.0,,0.23,,0.27,,0.27,,0.06,,0.08,
0.06,,"[100, 76, 240, 331]",,0.0,,0.26,,0.27,,0.26,,0.06,,0.09,
0.07,,"[100, 76, 238, 328]",,0.0,,0.17,,0.41,,0.24,,0.06,,0.05,
0.06,,"[101, 77, 239, 328]",,0.0,,0.29,,0.27,,0.25,,0.07,,0.05,
0.06,,"[101, 76, 241, 329]",,0.0,,0.19,,0.4,,0.25,,0.06,,0.04,
0.07,,"[101, 77, 240, 328]",,0.0,,0.25,,0.33,,0.23,,0.09,,0.04,
0.07,,"[102, 78, 239, 328]",,0.0,,0.26,,0.3,,0.28,,0.06,,0.04,
0.06,,"[102, 79, 239, 327]",,0.0,,0.19,,0.37,,0.28,,0.04,,0.05,
0.08,,"[103, 81, 238, 323]",,0.0,,0.21,,0.35,,0.25,,0.07,,0.04,
0.08,,"[103, 81, 238, 323]",,0.0,,0.2,,0.35,,0.25,,0.07,,0.04,
0.09,,"[105, 79, 237, 328]",,0.0,,0.3,,0.19,,0.26,,0.08,,0.08,
0.08,,"[106, 81, 236, 325]",,0.0,,0.27,,0.23,,0.24,,0.09,,0.09,
0.15,,"[103, 76, 240, 327]",,0.0,,0.22,,0.24,,0.29,,0.06,,0.04,
0.15,,"[103, 76, 240, 327]",,0.0,,0.23,,0.23,,0.28,,0.06,,0.04,
0.19,,"[104, 76, 239, 327]",,0.0,,0.23,,0.2,,0.27,,0.07,,0.04,
0.17,,"[106, 79, 238, 328]",,0.0,,0.25,,0.1,,0.32,,0.12,,0.04,
0.16,,"[102, 74, 241, 330]",,0.0,,0.23,,0.2,,0.27,,0.09,,0.05,
0.16,,"[106, 79, 237, 326]",,0.0,,0.3,,0.12,,0.27,,0.11,,0.04,
0.11,,"[105, 75, 240, 331]",,0.0,,0.26,,0.17,,0.32,,0.05,,0.09,
0.11,,"[105, 75, 240, 331]",,0.0,,0.27,,0.17,,0.32,,0.05,,0.09,
0.11,,"[105, 75, 239, 329]",,0.0,,0.16,,0.28,,0.31,,0.08,,0.05,
0.12,,"[105, 75, 240, 330]",,0.0,,0.21,,0.21,,0.33,,0.06,,0.07,
0.12,,"[105, 75, 241, 332]",,0.0,,0.13,,0.2,,0.43,,0.06,,0.06,
0.1,,"[105, 76, 241, 331]",,0.0,,0.1,,0.2,,0.48,,0.07,,0.05,
0.13,,"[105, 75, 242, 335]",,0.0,,0.09,,0.16,,0.53,,0.08,,0.02,
0.1,,"[105, 75, 241, 334]",,0.0,,0.08,,0.2,,0.53,,0.07,,0.02,
0.23,,"[111, 76, 236, 324]",,0.0,,0.23,,0.15,,0.3,,0.07,,0.03,
0.22,,"[111, 76, 236, 324]",,0.0,,0.22,,0.16,,0.31,,0.07,,0.03,
0.18,,"[111, 76, 237, 324]",,0.0,,0.2,,0.2,,0.33,,0.06,,0.03,
0.18,,"[111, 76, 237, 325]",,0.0,,0.14,,0.3,,0.3,,0.06,,0.02,
0.19,,"[111, 76, 236, 325]",,0.0,,0.12,,0.22,,0.4,,0.05,,0.02,
0.21,,"[110, 76, 237, 325]",,0.0,,0.17,,0.17,,0.36,,0.07,,0.02,
0.2,,"[110, 76, 236, 324]",,0.0,,0.21,,0.11,,0.38,,0.08,,0.02,
0.21,,"[110, 76, 236, 324]",,0.0,,0.2,,0.11,,0.37,,0.08,,0.02,
0.25,,"[110, 77, 235, 324]",,0.0,,0.11,,0.13,,0.43,,0.06,,0.02,
0.26,,"[110, 77, 235, 324]",,0.0,,0.11,,0.13,,0.42,,0.06,,0.02,
0.28,,"[110, 77, 234, 323]",,0.0,,0.13,,0.13,,0.37,,0.07,,0.02,
0.24,,"[103, 74, 241, 334]",,0.0,,0.07,,0.16,,0.42,,0.09,,0.03,
0.31,,"[108, 77, 236, 323]",,0.0,,0.15,,0.09,,0.36,,0.08,,0.01,
0.34,,"[108, 77, 236, 324]",,0.0,,0.12,,0.09,,0.35,,0.09,,0.02,
0.2,,"[105, 78, 240, 333]",,0.0,,0.08,,0.13,,0.45,,0.12,,0.02,
0.2,,"[105, 78, 240, 333]",,0.0,,0.08,,0.13,,0.46,,0.12,,0.01,
0.19,,"[106, 79, 239, 331]",,0.0,,0.06,,0.14,,0.47,,0.13,,0.01,
0.23,,"[108, 76, 236, 324]",,0.0,,0.12,,0.13,,0.43,,0.08,,0.01,
0.19,,"[106, 78, 240, 332]",,0.0,,0.05,,0.09,,0.55,,0.1,,0.01,
0.19,,"[106, 78, 240, 332]",,0.0,,0.05,,0.1,,0.55,,0.1,,0.01,
0.22,,"[106, 78, 238, 330]",,0.0,,0.05,,0.07,,0.55,,0.1,,0.03,
0.21,,"[105, 78, 240, 331]",,0.0,,0.04,,0.08,,0.55,,0.1,,0.02,
0.19,,"[107, 78, 237, 329]",,0.0,,0.07,,0.1,,0.5,,0.1,,0.03,
0.19,,"[107, 78, 237, 329]",,0.0,,0.07,,0.1,,0.51,,0.1,,0.03,
0.29,,"[107, 78, 238, 331]",,0.0,,0.05,,0.04,,0.49,,0.11,,0.03,
0.24,,"[107, 79, 238, 330]",,0.0,,0.05,,0.05,,0.52,,0.12,,0.02,
0.35,,"[109, 82, 235, 326]",,0.0,,0.08,,0.04,,0.33,,0.18,,0.02,
0.35,,"[109, 82, 235, 326]",,0.0,,0.08,,0.04,,0.33,,0.18,,0.02,
0.3,,"[109, 81, 236, 326]",,0.0,,0.08,,0.05,,0.4,,0.15,,0.02,
0.25,,"[109, 79, 236, 330]",,0.0,,0.04,,0.04,,0.52,,0.13,,0.01,
0.28,,"[109, 79, 237, 330]",,0.0,,0.07,,0.03,,0.45,,0.16,,0.02,
0.32,,"[109, 80, 237, 329]",,0.0,,0.07,,0.04,,0.38,,0.18,,0.01,
0.22,,"[108, 79, 238, 331]",,0.0,,0.06,,0.08,,0.48,,0.14,,0.01,
0.22,,"[107, 78, 239, 334]",,0.0,,0.08,,0.11,,0.44,,0.13,,0.02,
0.27,,"[109, 78, 238, 335]",,0.0,,0.13,,0.09,,0.3,,0.19,,0.02,
0.26,,"[109, 78, 238, 335]",,0.0,,0.12,,0.1,,0.31,,0.18,,0.02,
0.23,,"[108, 77, 238, 336]",,0.0,,0.1,,0.09,,0.41,,0.15,,0.02,
0.22,,"[108, 77, 238, 335]",,0.0,,0.09,,0.09,,0.45,,0.14,,0.02,
0.22,,"[110, 79, 236, 331]",,0.0,,0.07,,0.08,,0.41,,0.21,,0.01,
0.22,,"[110, 78, 238, 335]",,0.0,,0.14,,0.08,,0.34,,0.2,,0.02,
0.27,,"[109, 77, 237, 334]",,0.0,,0.07,,0.08,,0.4,,0.17,,0.02,
0.29,,"[109, 78, 236, 332]",,0.0,,0.05,,0.08,,0.41,,0.15,,0.02,
0.2,,"[110, 80, 235, 328]",,0.0,,0.05,,0.05,,0.51,,0.17,,0.02,
0.18,,"[110, 80, 234, 328]",,0.0,,0.06,,0.06,,0.5,,0.17,,0.03,
0.22,,"[109, 82, 234, 325]",,0.0,,0.13,,0.08,,0.33,,0.21,,0.04,
0.25,,"[109, 82, 234, 326]",,0.0,,0.1,,0.06,,0.36,,0.19,,0.03,
0.24,,"[109, 82, 233, 326]",,0.0,,0.11,,0.09,,0.31,,0.22,,0.03,
0.21,,"[109, 81, 234, 327]",,0.0,,0.11,,0.09,,0.37,,0.18,,0.04,
0.2,,"[108, 82, 234, 325]",,0.0,,0.13,,0.08,,0.33,,0.22,,0.03,
0.19,,"[109, 82, 233, 325]",,0.0,,0.13,,0.08,,0.34,,0.22,,0.03,
0.18,,"[109, 83, 232, 325]",,0.0,,0.15,,0.11,,0.34,,0.19,,0.03,
0.18,,"[109, 83, 232, 325]",,0.0,,0.14,,0.1,,0.36,,0.2,,0.02,
0.22,,"[108, 83, 233, 325]",,0.0,,0.16,,0.05,,0.33,,0.21,,0.03,
0.21,,"[109, 84, 231, 324]",,0.0,,0.14,,0.07,,0.36,,0.19,,0.03,
0.21,,"[108, 83, 233, 324]",,0.0,,0.12,,0.08,,0.36,,0.21,,0.02,
0.22,,"[109, 83, 232, 324]",,0.0,,0.13,,0.07,,0.33,,0.22,,0.02,
0.19,,"[109, 83, 233, 324]",,0.0,,0.11,,0.13,,0.41,,0.15,,0.02,
0.19,,"[109, 83, 232, 324]",,0.0,,0.14,,0.1,,0.34,,0.19,,0.03,
0.3,,"[102, 74, 240, 337]",,0.0,,0.06,,0.11,,0.39,,0.14,,0.02,
0.21,,"[102, 74, 241, 338]",,0.0,,0.07,,0.15,,0.4,,0.15,,0.02,
0.16,,"[109, 83, 232, 324]",,0.0,,0.15,,0.15,,0.32,,0.18,,0.03,
0.19,,"[109, 83, 233, 324]",,0.0,,0.13,,0.13,,0.36,,0.17,,0.02,
0.21,,"[108, 82, 235, 324]",,0.0,,0.1,,0.15,,0.39,,0.14,,0.02,
0.17,,"[108, 84, 234, 322]",,0.0,,0.17,,0.17,,0.29,,0.18,,0.03,
0.08,,"[109, 84, 233, 321]",,0.0,,0.2,,0.28,,0.27,,0.15,,0.02,
0.09,,"[109, 86, 234, 321]",,0.0,,0.19,,0.27,,0.34,,0.09,,0.02,
0.02,,"[108, 82, 233, 320]",,0.0,,0.04,,0.69,,0.19,,0.05,,0.01,
0.01,,"[108, 84, 233, 319]",,0.0,,0.04,,0.67,,0.23,,0.03,,0.01,
0.01,,"[106, 76, 242, 338]",,0.0,,0.04,,0.62,,0.29,,0.01,,0.03,
0.0,,"[107, 76, 241, 338]",,0.0,,0.04,,0.68,,0.23,,0.01,,0.03,
0.01,,"[102, 76, 241, 340]",,0.0,,0.07,,0.53,,0.27,,0.04,,0.08,
0.02,,"[102, 76, 241, 341]",,0.0,,0.1,,0.53,,0.22,,0.05,,0.08,
0.01,,"[102, 79, 242, 339]",,0.0,,0.05,,0.64,,0.08,,0.04,,0.18,
0.01,,"[102, 79, 242, 339]",,0.0,,0.05,,0.64,,0.08,,0.04,,0.18,
0.02,,"[105, 76, 236, 343]",,0.0,,0.04,,0.66,,0.06,,0.03,,0.19,
0.02,,"[105, 76, 236, 343]",,0.0,,0.04,,0.67,,0.05,,0.03,,0.19,
0.01,,"[105, 75, 235, 341]",,0.0,,0.02,,0.6,,0.03,,0.02,,0.33,
0.01,,"[105, 74, 234, 342]",,0.0,,0.01,,0.64,,0.02,,0.01,,0.31,
0.01,,"[104, 73, 237, 344]",,0.0,,0.02,,0.54,,0.02,,0.02,,0.39,
0.01,,"[104, 73, 236, 343]",,0.0,,0.01,,0.55,,0.01,,0.01,,0.4,
0.0,,"[105, 73, 234, 342]",,0.0,,0.01,,0.55,,0.01,,0.01,,0.42,
0.0,,"[103, 72, 237, 343]",,0.0,,0.01,,0.53,,0.01,,0.01,,0.44,
0.0,,"[107, 72, 233, 343]",,0.0,,0.0,,0.66,,0.0,,0.0,,0.33,
0.0,,"[106, 71, 234, 344]",,0.0,,0.0,,0.61,,0.0,,0.0,,0.38,
0.0,,"[104, 66, 236, 347]",,0.0,,0.0,,0.56,,0.0,,0.0,,0.43,
0.0,,"[104, 65, 237, 348]",,0.0,,0.01,,0.53,,0.0,,0.0,,0.46,
0.0,,"[105, 65, 235, 345]",,0.0,,0.01,,0.55,,0.0,,0.01,,0.43,
0.0,,"[105, 65, 235, 344]",,0.0,,0.0,,0.53,,0.0,,0.0,,0.46,
0.0,,"[104, 63, 238, 343]",,0.0,,0.01,,0.53,,0.0,,0.01,,0.45,
0.0,,"[104, 63, 238, 343]",,0.0,,0.01,,0.53,,0.0,,0.01,,0.45,
0.0,,"[103, 62, 239, 343]",,0.0,,0.0,,0.56,,0.0,,0.0,,0.42,
0.0,,"[104, 61, 239, 345]",,0.0,,0.0,,0.58,,0.0,,0.0,,0.41,
0.01,,"[100, 61, 242, 341]",,0.0,,0.0,,0.75,,0.0,,0.0,,0.23,
0.0,,"[100, 58, 242, 344]",,0.0,,0.0,,0.75,,0.0,,0.0,,0.25,
0.0,,"[102, 62, 240, 348]",,0.0,,0.0,,0.89,,0.0,,0.0,,0.1,
0.0,,"[101, 61, 241, 349]",,0.0,,0.0,,0.87,,0.0,,0.0,,0.12,
0.0,,"[99, 60, 243, 349]",,0.0,,0.0,,0.9,,0.0,,0.0,,0.09,
0.0,,"[99, 59, 243, 350]",,0.0,,0.0,,0.89,,0.0,,0.0,,0.11,
0.0,,"[101, 61, 240, 347]",,0.0,,0.0,,0.93,,0.0,,0.0,,0.06,
0.0,,"[101, 61, 240, 347]",,0.0,,0.0,,0.93,,0.0,,0.0,,0.06,
0.0,,"[102, 62, 237, 345]",,0.0,,0.0,,0.93,,0.0,,0.0,,0.07,
0.0,,"[102, 62, 237, 345]",,0.0,,0.0,,0.92,,0.0,,0.0,,0.07,
0.0,,"[98, 61, 240, 345]",,0.0,,0.0,,0.92,,0.0,,0.0,,0.08,
0.0,,"[98, 61, 240, 345]",,0.0,,0.0,,0.92,,0.0,,0.0,,0.07,
0.0,,"[98, 61, 238, 346]",,0.0,,0.0,,0.89,,0.0,,0.0,,0.11,
0.0,,"[98, 61, 239, 347]",,0.0,,0.0,,0.91,,0.0,,0.0,,0.08,
0.0,,"[98, 63, 239, 345]",,0.0,,0.0,,0.88,,0.0,,0.0,,0.11,
0.0,,"[98, 63, 239, 345]",,0.0,,0.0,,0.88,,0.0,,0.0,,0.11,
0.0,,"[98, 61, 242, 349]",,0.0,,0.0,,0.7,,0.0,,0.0,,0.29,
0.0,,"[101, 64, 238, 346]",,0.0,,0.0,,0.7,,0.0,,0.0,,0.29,
0.0,,"[97, 63, 241, 350]",,0.0,,0.0,,0.68,,0.0,,0.0,,0.32,
0.0,,"[98, 64, 240, 349]",,0.0,,0.0,,0.67,,0.0,,0.0,,0.32,
0.0,,"[97, 63, 242, 352]",,0.0,,0.0,,0.85,,0.0,,0.0,,0.14,
0.0,,"[96, 62, 244, 353]",,0.0,,0.0,,0.86,,0.0,,0.0,,0.14,
0.0,,"[92, 66, 248, 352]",,0.0,,0.0,,0.94,,0.0,,0.0,,0.05,
0.0,,"[91, 66, 248, 352]",,0.0,,0.0,,0.96,,0.0,,0.0,,0.04,
0.0,,"[90, 68, 249, 346]",,0.0,,0.0,,0.97,,0.0,,0.0,,0.02,
0.0,,"[91, 68, 248, 345]",,0.0,,0.0,,0.96,,0.0,,0.0,,0.04,
0.0,,"[91, 62, 247, 344]",,0.0,,0.0,,0.95,,0.02,,0.0,,0.02,
0.0,,"[90, 70, 246, 346]",,0.0,,0.0,,0.99,,0.0,,0.0,,0.0,
0.0,,"[88, 67, 251, 349]",,0.0,,0.0,,0.99,,0.01,,0.0,,0.0,
0.0,,"[89, 67, 251, 349]",,0.0,,0.0,,0.99,,0.0,,0.0,,0.0,
0.0,,"[90, 61, 249, 348]",,0.0,,0.0,,0.96,,0.02,,0.0,,0.01,
0.0,,"[89, 61, 250, 348]",,0.0,,0.0,,0.97,,0.02,,0.0,,0.01,
0.0,,"[87, 70, 252, 341]",,0.0,,0.0,,0.98,,0.01,,0.0,,0.0,
0.0,,"[87, 69, 252, 342]",,0.0,,0.0,,0.98,,0.01,,0.0,,0.0,
0.0,,"[86, 68, 251, 343]",,0.0,,0.0,,0.98,,0.01,,0.0,,0.0,
0.0,,"[87, 68, 250, 343]",,0.0,,0.0,,0.98,,0.01,,0.0,,0.01,
0.0,,"[85, 71, 250, 341]",,0.0,,0.0,,0.97,,0.02,,0.0,,0.01,
0.0,,"[85, 71, 250, 341]",,0.0,,0.0,,0.97,,0.02,,0.0,,0.01,
0.0,,"[83, 71, 250, 342]",,0.0,,0.0,,0.96,,0.01,,0.0,,0.02,
0.0,,"[83, 71, 250, 342]",,0.0,,0.0,,0.96,,0.01,,0.0,,0.02,
0.0,,"[82, 65, 251, 354]",,0.0,,0.0,,0.96,,0.0,,0.0,,0.02,
0.0,,"[81, 65, 252, 354]",,0.0,,0.0,,0.97,,0.01,,0.0,,0.02,
0.01,,"[80, 69, 249, 345]",,0.0,,0.03,,0.83,,0.04,,0.01,,0.08,
0.0,,"[81, 69, 247, 346]",,0.0,,0.01,,0.87,,0.04,,0.01,,0.07,
0.0,,"[82, 68, 247, 343]",,0.0,,0.04,,0.68,,0.08,,0.02,,0.18,
0.01,,"[81, 69, 246, 347]",,0.0,,0.05,,0.64,,0.09,,0.03,,0.18,
0.01,0.12,"[80, 69, 245, 342]","[358, 239, 48, 66]",0.0,0.01,0.05,0.15,0.7,0.18,0.09,0.19,0.04,0.33,0.12,0.02
0.01,0.1,"[80, 69, 246, 342]","[358, 239, 48, 66]",0.0,0.01,0.05,0.15,0.69,0.2,0.09,0.21,0.04,0.3,0.13,0.02
0.01,,"[81, 72, 245, 341]",,0.0,,0.09,,0.51,,0.08,,0.03,,0.29,
0.01,,"[81, 71, 246, 342]",,0.0,,0.08,,0.56,,0.07,,0.02,,0.26,
0.01,,"[79, 71, 243, 342]",,0.0,,0.08,,0.63,,0.08,,0.03,,0.16,
0.02,,"[82, 72, 240, 341]",,0.0,,0.09,,0.6,,0.06,,0.02,,0.21,
0.03,,"[84, 71, 238, 342]",,0.0,,0.11,,0.58,,0.04,,0.03,,0.21,
0.02,,"[83, 72, 239, 346]",,0.0,,0.08,,0.68,,0.02,,0.01,,0.19,
0.03,,"[86, 72, 234, 338]",,0.0,,0.12,,0.58,,0.04,,0.02,,0.2,
0.03,,"[86, 72, 233, 338]",,0.0,,0.13,,0.59,,0.04,,0.02,,0.2,
0.05,,"[85, 69, 235, 341]",,0.0,,0.22,,0.47,,0.05,,0.06,,0.16,
0.05,,"[85, 69, 235, 340]",,0.0,,0.24,,0.44,,0.05,,0.05,,0.17,
0.02,,"[80, 68, 241, 338]",,0.0,,0.08,,0.69,,0.06,,0.03,,0.12,
0.03,,"[85, 69, 234, 338]",,0.0,,0.13,,0.6,,0.06,,0.03,,0.15,
0.02,0.05,"[86, 69, 235, 334]","[353, 233, 52, 76]",0.0,0.0,0.19,0.19,0.43,0.21,0.12,0.17,0.07,0.34,0.18,0.04
0.02,0.06,"[85, 67, 238, 338]","[353, 233, 52, 75]",0.0,0.0,0.16,0.19,0.47,0.2,0.15,0.16,0.06,0.36,0.15,0.03
0.02,,"[87, 68, 237, 333]",,0.0,,0.13,,0.34,,0.36,,0.05,,0.09,
0.02,,"[87, 69, 236, 331]",,0.0,,0.17,,0.28,,0.35,,0.06,,0.11,
0.03,,"[84, 63, 237, 328]",,0.0,,0.18,,0.21,,0.42,,0.04,,0.12,
0.03,,"[78, 63, 247, 331]",,0.0,,0.14,,0.22,,0.51,,0.03,,0.07,
0.03,,"[84, 66, 239, 331]",,0.0,,0.15,,0.15,,0.59,,0.04,,0.04,
0.03,,"[85, 67, 237, 329]",,0.0,,0.19,,0.11,,0.57,,0.05,,0.04,
0.03,,"[84, 64, 242, 329]",,0.0,,0.27,,0.18,,0.32,,0.07,,0.12,
0.03,,"[85, 64, 241, 329]",,0.0,,0.27,,0.18,,0.33,,0.07,,0.12,
0.05,,"[92, 67, 234, 329]",,0.0,,0.16,,0.11,,0.59,,0.05,,0.04,
0.05,,"[92, 67, 234, 329]",,0.0,,0.16,,0.11,,0.6,,0.05,,0.04,
0.05,,"[91, 68, 234, 328]",,0.0,,0.25,,0.14,,0.42,,0.08,,0.07,
0.04,,"[92, 68, 233, 328]",,0.0,,0.22,,0.13,,0.47,,0.07,,0.07,
0.05,,"[88, 68, 236, 321]",,0.0,,0.34,,0.07,,0.38,,0.09,,0.08,
0.05,,"[88, 68, 236, 321]",,0.0,,0.34,,0.07,,0.37,,0.09,,0.08,
0.04,,"[93, 66, 234, 328]",,0.0,,0.17,,0.17,,0.48,,0.05,,0.08,
0.04,,"[93, 66, 234, 328]",,0.0,,0.17,,0.17,,0.48,,0.05,,0.08,
0.05,,"[92, 66, 235, 328]",,0.0,,0.2,,0.17,,0.41,,0.06,,0.11,
0.04,,"[92, 66, 234, 328]",,0.0,,0.21,,0.17,,0.45,,0.05,,0.08,
0.04,,"[94, 66, 233, 326]",,0.0,,0.22,,0.17,,0.36,,0.06,,0.15,
0.04,0.06,"[94, 66, 233, 326]","[350, 227, 61, 90]",0.0,0.0,0.21,0.21,0.17,0.22,0.36,0.22,0.06,0.25,0.15,0.05
0.04,,"[90, 68, 239, 325]",,0.0,,0.21,,0.22,,0.39,,0.06,,0.09,
0.04,,"[89, 67, 240, 326]",,0.0,,0.22,,0.23,,0.35,,0.07,,0.09,
0.03,0.08,"[91, 68, 241, 331]","[351, 225, 61, 91]",0.0,0.0,0.31,0.21,0.25,0.15,0.24,0.24,0.11,0.28,0.06,0.04
0.05,0.08,"[92, 69, 238, 327]","[351, 225, 61, 91]",0.0,0.0,0.28,0.2,0.18,0.15,0.3,0.24,0.1,0.29,0.09,0.04
0.05,,"[93, 70, 239, 328]",,0.0,,0.34,,0.16,,0.27,,0.12,,0.07,
0.05,,"[93, 70, 239, 328]",,0.0,,0.34,,0.16,,0.27,,0.12,,0.07,
0.05,,"[94, 70, 238, 326]",,0.0,,0.2,,0.24,,0.37,,0.07,,0.07,
0.05,,"[94, 70, 238, 326]",,0.0,,0.19,,0.24,,0.38,,0.07,,0.07,
0.06,,"[93, 73, 239, 323]",,0.0,,0.27,,0.16,,0.36,,0.07,,0.08,
0.05,,"[93, 72, 238, 324]",,0.0,,0.27,,0.19,,0.34,,0.07,,0.08,
0.07,0.1,"[93, 73, 239, 324]","[352, 227, 60, 92]",0.0,0.0,0.31,0.22,0.12,0.14,0.31,0.21,0.09,0.28,0.08,0.05
0.07,,"[93, 74, 239, 323]",,0.0,,0.33,,0.11,,0.31,,0.1,,0.07,
0.05,,"[92, 73, 239, 324]",,0.0,,0.31,,0.12,,0.33,,0.07,,0.12,
0.06,,"[92, 75, 239, 322]",,0.0,,0.29,,0.12,,0.38,,0.08,,0.07,
0.04,,"[91, 73, 240, 324]",,0.0,,0.35,,0.13,,0.29,,0.1,,0.09,
0.04,,"[91, 73, 240, 324]",,0.0,,0.35,,0.13,,0.28,,0.11,,0.09,
0.03,,"[92, 72, 237, 325]",,0.0,,0.39,,0.08,,0.29,,0.11,,0.09,
0.04,,"[92, 74, 237, 323]",,0.0,,0.38,,0.09,,0.28,,0.09,,0.11,
0.03,,"[93, 67, 239, 326]",,0.0,,0.34,,0.24,,0.05,,0.07,,0.26,
0.03,,"[93, 66, 240, 327]",,0.0,,0.35,,0.19,,0.06,,0.07,,0.3,
0.03,,"[92, 65, 240, 329]",,0.0,,0.35,,0.2,,0.1,,0.07,,0.25,
0.03,,"[92, 65, 240, 329]",,0.0,,0.33,,0.21,,0.1,,0.07,,0.26,
0.03,,"[91, 67, 240, 328]",,0.0,,0.32,,0.29,,0.08,,0.08,,0.2,
0.03,,"[91, 66, 240, 329]",,0.0,,0.32,,0.28,,0.1,,0.06,,0.21,
0.1,,"[92, 72, 236, 322]",,0.0,,0.47,,0.08,,0.14,,0.1,,0.11,
0.06,,"[92, 70, 237, 324]",,0.0,,0.4,,0.15,,0.15,,0.1,,0.14,
0.1,,"[92, 72, 237, 324]",,0.0,,0.49,,0.05,,0.11,,0.1,,0.15,
0.1,,"[92, 72, 237, 324]",,0.0,,0.48,,0.05,,0.11,,0.1,,0.15,
0.11,,"[92, 73, 237, 325]",,0.0,,0.36,,0.08,,0.19,,0.11,,0.14,
0.08,,"[92, 70, 238, 328]",,0.0,,0.43,,0.09,,0.09,,0.14,,0.17,
0.07,,"[88, 76, 238, 323]",,0.0,,0.24,,0.24,,0.33,,0.07,,0.06,
0.06,,"[97, 73, 233, 331]",,0.0,,0.42,,0.0,,0.26,,0.07,,0.19,
0.06,,"[97, 73, 233, 331]",,0.0,,0.44,,0.0,,0.25,,0.07,,0.18,
0.06,,"[93, 66, 242, 332]",,0.0,,0.47,,0.0,,0.18,,0.03,,0.26,
0.08,,"[93, 73, 239, 321]",,0.0,,0.56,,0.0,,0.07,,0.03,,0.25,
0.06,,"[91, 66, 243, 332]",,0.0,,0.36,,0.0,,0.3,,0.05,,0.24,
0.06,,"[92, 66, 242, 330]",,0.0,,0.33,,0.0,,0.34,,0.04,,0.23,
0.07,,"[93, 67, 241, 326]",,0.0,,0.26,,0.0,,0.49,,0.05,,0.13,
0.06,,"[93, 67, 241, 327]",,0.0,,0.24,,0.0,,0.51,,0.05,,0.14,
0.06,,"[93, 66, 241, 328]",,0.0,,0.26,,0.0,,0.53,,0.05,,0.1,
0.06,,"[94, 67, 240, 326]",,0.0,,0.29,,0.0,,0.49,,0.05,,0.11,
0.07,,"[92, 65, 241, 329]",,0.0,,0.3,,0.0,,0.44,,0.05,,0.14,
0.06,,"[92, 65, 242, 330]",,0.0,,0.34,,0.0,,0.33,,0.05,,0.21,
0.05,,"[91, 64, 242, 331]",,0.0,,0.52,,0.0,,0.18,,0.05,,0.19,
0.06,,"[91, 65, 241, 330]",,0.0,,0.53,,0.0,,0.16,,0.05,,0.2,
0.06,,"[90, 64, 242, 333]",,0.0,,0.53,,0.0,,0.17,,0.05,,0.19,
0.07,,"[89, 64, 243, 332]",,0.0,,0.55,,0.0,,0.16,,0.05,,0.17,
0.07,,"[89, 66, 241, 328]",,0.0,,0.32,,0.0,,0.47,,0.04,,0.1,
0.06,,"[89, 66, 241, 328]",,0.0,,0.3,,0.0,,0.48,,0.04,,0.11,
0.11,,"[84, 60, 245, 327]",,0.0,,0.34,,0.0,,0.33,,0.05,,0.16,
0.1,,"[84, 61, 244, 326]",,0.0,,0.39,,0.0,,0.27,,0.05,,0.18,
0.06,,"[89, 66, 239, 327]",,0.0,,0.24,,0.0,,0.58,,0.05,,0.07,
0.05,,"[88, 66, 239, 327]",,0.0,,0.24,,0.0,,0.6,,0.04,,0.07,
0.05,,"[87, 66, 240, 331]",,0.0,,0.39,,0.0,,0.3,,0.04,,0.21,
0.05,,"[87, 66, 240, 331]",,0.0,,0.38,,0.0,,0.3,,0.04,,0.23,
0.11,,"[87, 67, 241, 332]",,0.0,,0.5,,0.0,,0.22,,0.05,,0.11,
0.11,,"[88, 67, 240, 332]",,0.0,,0.51,,0.01,,0.22,,0.05,,0.11,
0.17,,"[89, 69, 238, 328]",,0.0,,0.56,,0.0,,0.13,,0.06,,0.08,
0.18,,"[88, 69, 239, 328]",,0.0,,0.55,,0.0,,0.13,,0.06,,0.08,
0.14,,"[89, 69, 239, 328]",,0.0,,0.63,,0.0,,0.09,,0.04,,0.11,
0.15,,"[89, 69, 238, 329]",,0.0,,0.56,,0.0,,0.13,,0.05,,0.11,
0.12,,"[88, 69, 240, 328]",,0.0,,0.59,,0.0,,0.11,,0.05,,0.13,
0.15,,"[89, 69, 239, 329]",,0.0,,0.59,,0.0,,0.12,,0.05,,0.09,
0.14,,"[90, 70, 239, 328]",,0.0,,0.6,,0.0,,0.11,,0.05,,0.1,
0.13,,"[90, 70, 239, 328]",,0.0,,0.63,,0.0,,0.1,,0.05,,0.09,
0.08,,"[91, 69, 239, 329]",,0.0,,0.6,,0.0,,0.12,,0.06,,0.15,
0.08,,"[91, 69, 239, 329]",,0.0,,0.61,,0.0,,0.12,,0.06,,0.13,
0.07,,"[91, 69, 238, 328]",,0.0,,0.55,,0.0,,0.18,,0.07,,0.14,
0.07,,"[91, 69, 238, 328]",,0.0,,0.55,,0.0,,0.17,,0.07,,0.13,
0.07,,"[92, 69, 238, 325]",,0.0,,0.48,,0.0,,0.23,,0.07,,0.14,
0.07,,"[92, 69, 238, 325]",,0.0,,0.47,,0.0,,0.24,,0.07,,0.15,
0.08,,"[91, 69, 240, 325]",,0.0,,0.45,,0.0,,0.25,,0.06,,0.15,
0.08,,"[91, 69, 240, 325]",,0.0,,0.44,,0.0,,0.26,,0.07,,0.16,
0.07,,"[93, 70, 239, 325]",,0.0,,0.53,,0.0,,0.13,,0.07,,0.19,
0.07,,"[93, 70, 239, 325]",,0.0,,0.54,,0.0,,0.13,,0.07,,0.19,
0.06,,"[101, 68, 232, 335]",,0.0,,0.42,,0.0,,0.29,,0.07,,0.16,
0.06,,"[101, 68, 232, 335]",,0.0,,0.42,,0.0,,0.29,,0.07,,0.15,
0.05,,"[101, 69, 234, 331]",,0.0,,0.16,,0.01,,0.69,,0.05,,0.04,
0.06,,"[101, 67, 234, 333]",,0.0,,0.23,,0.01,,0.58,,0.08,,0.05,
0.06,,"[96, 77, 237, 309]",,0.0,,0.28,,0.01,,0.56,,0.07,,0.02,
0.07,,"[95, 75, 238, 312]",,0.0,,0.29,,0.01,,0.54,,0.07,,0.02,
0.1,,"[96, 76, 238, 312]",,0.0,,0.3,,0.01,,0.5,,0.07,,0.02,
0.09,,"[96, 77, 237, 310]",,0.0,,0.33,,0.01,,0.47,,0.08,,0.02,
0.15,,"[96, 77, 238, 313]",,0.0,,0.31,,0.01,,0.45,,0.07,,0.02,
0.13,,"[97, 77, 237, 312]",,0.0,,0.36,,0.0,,0.43,,0.06,,0.02,
0.27,,"[95, 76, 239, 315]",,0.0,,0.42,,0.0,,0.23,,0.07,,0.02,
0.08,,"[102, 72, 238, 332]",,0.0,,0.21,,0.02,,0.6,,0.07,,0.01,
0.33,,"[96, 76, 239, 315]",,0.0,,0.38,,0.0,,0.18,,0.08,,0.02,
0.33,,"[96, 75, 239, 316]",,0.0,,0.38,,0.0,,0.2,,0.07,,0.02,
0.43,,"[96, 76, 238, 315]",,0.0,,0.36,,0.0,,0.1,,0.1,,0.01,
0.42,,"[96, 76, 238, 315]",,0.0,,0.35,,0.0,,0.11,,0.11,,0.01,
0.37,,"[100, 73, 239, 327]",,0.0,,0.41,,0.01,,0.11,,0.07,,0.02,
0.35,,"[100, 74, 239, 326]",,0.0,,0.45,,0.01,,0.08,,0.08,,0.03,
0.21,,"[99, 73, 240, 330]",,0.0,,0.5,,0.01,,0.1,,0.16,,0.02,
0.21,,"[99, 73, 241, 329]",,0.0,,0.55,,0.01,,0.08,,0.13,,0.03,
0.28,,"[98, 73, 241, 327]",,0.0,,0.46,,0.01,,0.12,,0.08,,0.05,
0.28,,"[97, 73, 242, 327]",,0.0,,0.47,,0.01,,0.12,,0.08,,0.05,
0.15,,"[100, 76, 238, 328]",,0.0,,0.5,,0.02,,0.21,,0.11,,0.02,
0.13,,"[99, 75, 239, 330]",,0.0,,0.41,,0.02,,0.32,,0.1,,0.02,
0.11,,"[99, 74, 238, 324]",,0.0,,0.45,,0.01,,0.29,,0.08,,0.06,
0.1,,"[99, 75, 238, 323]",,0.0,,0.43,,0.01,,0.33,,0.08,,0.04,
0.1,,"[97, 75, 239, 320]",,0.0,,0.5,,0.0,,0.24,,0.1,,0.06,
0.11,,"[97, 75, 239, 319]",,0.0,,0.55,,0.0,,0.21,,0.07,,0.07,
0.05,,"[95, 76, 238, 313]",,0.0,,0.24,,0.01,,0.6,,0.06,,0.04,
0.06,,"[95, 76, 239, 313]",,0.0,,0.25,,0.01,,0.58,,0.06,,0.04,
0.07,,"[96, 72, 240, 316]",,0.0,,0.23,,0.01,,0.58,,0.05,,0.06,
0.07,,"[95, 72, 240, 316]",,0.0,,0.23,,0.01,,0.59,,0.05,,0.05,
0.07,,"[99, 74, 238, 316]",,0.0,,0.3,,0.02,,0.48,,0.08,,0.04,
0.06,,"[99, 75, 239, 315]",,0.0,,0.31,,0.02,,0.46,,0.07,,0.09,
0.07,,"[100, 72, 236, 320]",,0.0,,0.24,,0.03,,0.53,,0.11,,0.02,
0.07,,"[100, 72, 236, 320]",,0.0,,0.23,,0.03,,0.55,,0.1,,0.02,
0.06,,"[94, 62, 239, 317]",,0.0,,0.11,,0.4,,0.33,,0.09,,0.01,
0.06,,"[94, 62, 239, 317]",,0.0,,0.12,,0.37,,0.34,,0.09,,0.01,
0.05,,"[97, 70, 242, 315]",,0.0,,0.23,,0.18,,0.39,,0.15,,0.0,
0.05,,"[98, 71, 241, 313]",,0.0,,0.23,,0.19,,0.38,,0.15,,0.0,
0.04,,"[100, 67, 243, 315]",,0.0,,0.19,,0.32,,0.3,,0.15,,0.01,
0.04,,"[100, 67, 242, 315]",,0.0,,0.17,,0.33,,0.3,,0.15,,0.01,
0.03,,"[102, 67, 247, 318]",,0.0,,0.12,,0.46,,0.31,,0.08,,0.0,
0.03,,"[103, 67, 247, 319]",,0.0,,0.13,,0.42,,0.31,,0.1,,0.0,
0.04,,"[109, 68, 244, 317]",,0.0,,0.13,,0.53,,0.15,,0.15,,0.0,
0.04,,"[109, 68, 244, 317]",,0.0,,0.13,,0.51,,0.16,,0.16,,0.0,
0.01,,"[117, 70, 241, 311]",,0.0,,0.03,,0.89,,0.04,,0.03,,0.0,
0.01,,"[117, 72, 240, 309]",,0.0,,0.04,,0.86,,0.05,,0.04,,0.0,
0.01,,"[125, 73, 243, 313]",,0.0,,0.02,,0.85,,0.06,,0.06,,0.0,
0.0,,"[124, 72, 244, 314]",,0.0,,0.02,,0.9,,0.05,,0.03,,0.0,
0.01,,"[131, 73, 240, 311]",,0.0,,0.01,,0.9,,0.06,,0.02,,0.0,
0.01,,"[130, 73, 241, 311]",,0.0,,0.02,,0.9,,0.06,,0.03,,0.0,
0.0,,"[141, 81, 238, 305]",,0.0,,0.01,,0.93,,0.05,,0.01,,0.0,
0.0,,"[141, 81, 238, 305]",,0.0,,0.01,,0.93,,0.05,,0.01,,0.0,
0.01,,"[146, 84, 238, 303]",,0.0,,0.02,,0.88,,0.07,,0.03,,0.0,
0.01,,"[146, 83, 238, 304]",,0.0,,0.02,,0.87,,0.07,,0.04,,0.0,
0.01,,"[149, 88, 235, 297]",,0.0,,0.02,,0.87,,0.06,,0.04,,0.0,
0.01,,"[149, 88, 235, 297]",,0.0,,0.02,,0.86,,0.07,,0.04,,0.0,
0.01,,"[154, 87, 235, 302]",,0.0,,0.01,,0.89,,0.07,,0.02,,0.0,
0.01,,"[154, 87, 235, 302]",,0.0,,0.01,,0.89,,0.07,,0.02,,0.0,
0.01,,"[154, 88, 237, 301]",,0.0,,0.03,,0.83,,0.08,,0.06,,0.0,
0.01,,"[155, 87, 236, 300]",,0.0,,0.03,,0.83,,0.06,,0.07,,0.0,
0.0,,"[157, 86, 237, 307]",,0.0,,0.02,,0.86,,0.09,,0.03,,0.0,
0.0,,"[157, 87, 236, 306]",,0.0,,0.01,,0.88,,0.08,,0.02,,0.0,
0.01,,"[157, 89, 235, 300]",,0.0,,0.02,,0.79,,0.12,,0.06,,0.0,
0.01,,"[157, 89, 235, 300]",,0.0,,0.02,,0.79,,0.12,,0.06,,0.0,
0.01,,"[158, 88, 235, 301]",,0.0,,0.03,,0.78,,0.11,,0.07,,0.0,
0.01,,"[158, 88, 235, 301]",,0.0,,0.02,,0.78,,0.11,,0.07,,0.0,
0.01,,"[159, 88, 233, 301]",,0.0,,0.03,,0.78,,0.11,,0.07,,0.0,
0.01,,"[159, 88, 232, 302]",,0.0,,0.02,,0.8,,0.11,,0.06,,0.0,
0.0,,"[160, 88, 233, 304]",,0.0,,0.01,,0.93,,0.05,,0.01,,0.0,
0.0,,"[159, 88, 234, 304]",,0.0,,0.0,,0.95,,0.04,,0.01,,0.0,
0.0,,"[161, 88, 232, 305]",,0.0,,0.0,,0.95,,0.04,,0.01,,0.0,
0.0,,"[161, 88, 232, 305]",,0.0,,0.0,,0.95,,0.04,,0.01,,0.0,
0.01,,"[160, 87, 234, 309]",,0.0,,0.0,,0.95,,0.03,,0.01,,0.0,
0.0,,"[160, 87, 234, 309]",,0.0,,0.0,,0.95,,0.03,,0.01,,0.0,
0.01,,"[162, 88, 233, 308]",,0.0,,0.01,,0.9,,0.04,,0.03,,0.0,
0.01,,"[162, 88, 233, 308]",,0.0,,0.01,,0.91,,0.04,,0.03,,0.0,
0.01,,"[162, 90, 230, 306]",,0.0,,0.0,,0.96,,0.02,,0.01,,0.0,
0.01,,"[162, 90, 230, 306]",,0.0,,0.0,,0.96,,0.02,,0.01,,0.0,
0.0,,"[162, 90, 231, 307]",,0.0,,0.0,,0.97,,0.02,,0.01,,0.0,
0.01,,"[162, 89, 231, 307]",,0.0,,0.01,,0.96,,0.02,,0.01,,0.0,
0.0,,"[162, 90, 230, 305]",,0.0,,0.0,,0.98,,0.01,,0.0,,0.0,
0.0,,"[162, 90, 230, 305]",,0.0,,0.0,,0.98,,0.01,,0.0,,0.0,
0.0,,"[162, 88, 230, 306]",,0.0,,0.0,,0.98,,0.01,,0.0,,0.0,
0.0,,"[162, 88, 230, 306]",,0.0,,0.0,,0.98,,0.01,,0.0,,0.0,
0.0,,"[162, 87, 230, 306]",,0.0,,0.0,,0.97,,0.02,,0.0,,0.0,
0.0,,"[162, 87, 229, 306]",,0.0,,0.0,,0.97,,0.02,,0.0,,0.0,
0.0,,"[162, 87, 230, 305]",,0.0,,0.0,,0.96,,0.02,,0.01,,0.0,
0.0,,"[163, 87, 228, 304]",,0.0,,0.0,,0.97,,0.02,,0.01,,0.0,
0.01,,"[163, 88, 228, 302]",,0.0,,0.01,,0.96,,0.02,,0.01,,0.0,
0.01,,"[163, 88, 228, 302]",,0.0,,0.01,,0.95,,0.02,,0.01,,0.0,
0.0,,"[162, 87, 229, 304]",,0.0,,0.0,,0.97,,0.02,,0.01,,0.0,
0.0,,"[163, 87, 227, 303]",,0.0,,0.0,,0.96,,0.02,,0.01,,0.0,
0.0,,"[160, 85, 231, 308]",,0.0,,0.0,,0.97,,0.02,,0.0,,0.0,
0.0,,"[160, 85, 230, 308]",,0.0,,0.0,,0.98,,0.01,,0.0,,0.0,
0.03,,"[160, 82, 231, 311]",,0.0,,0.06,,0.77,,0.11,,0.03,,0.0,
0.03,,"[160, 82, 231, 311]",,0.0,,0.06,,0.76,,0.12,,0.03,,0.0,
0.11,,"[162, 83, 231, 310]",,0.0,,0.51,,0.03,,0.2,,0.15,,0.0,
0.14,,"[162, 83, 231, 311]",,0.0,,0.48,,0.02,,0.2,,0.15,,0.0,
0.06,,"[162, 81, 234, 313]",,0.0,,0.62,,0.0,,0.15,,0.15,,0.02,
0.06,,"[162, 81, 234, 314]",,0.0,,0.61,,0.0,,0.15,,0.15,,0.02,
0.01,,"[157, 74, 239, 324]",,0.0,,0.53,,0.0,,0.0,,0.01,,0.45,
0.01,,"[157, 74, 239, 324]",,0.0,,0.53,,0.0,,0.0,,0.01,,0.46,
0.0,,"[158, 69, 236, 330]",,0.0,,0.39,,0.0,,0.0,,0.0,,0.6,
0.0,,"[158, 68, 236, 331]",,0.0,,0.4,,0.0,,0.0,,0.0,,0.6,
0.0,,"[157, 61, 245, 340]",,0.0,,0.23,,0.0,,0.0,,0.0,,0.77,
0.0,,"[157, 61, 245, 340]",,0.0,,0.23,,0.0,,0.0,,0.0,,0.76,
0.0,,"[155, 55, 243, 345]",,0.0,,0.08,,0.0,,0.0,,0.0,,0.92,
0.0,,"[155, 55, 243, 345]",,0.0,,0.08,,0.0,,0.0,,0.0,,0.92,
0.0,,"[153, 50, 245, 348]",,0.0,,0.05,,0.0,,0.0,,0.0,,0.94,
0.0,,"[154, 49, 244, 349]",,0.0,,0.07,,0.0,,0.0,,0.0,,0.92,
0.0,,"[155, 51, 245, 345]",,0.0,,0.03,,0.0,,0.0,,0.0,,0.97,
0.0,,"[154, 51, 245, 346]",,0.0,,0.03,,0.0,,0.0,,0.0,,0.97,
0.0,,"[156, 51, 244, 344]",,0.0,,0.06,,0.0,,0.0,,0.0,,0.94,
0.0,,"[156, 51, 244, 344]",,0.0,,0.06,,0.0,,0.0,,0.0,,0.94,
0.0,,"[161, 54, 244, 341]",,0.0,,0.04,,0.0,,0.0,,0.0,,0.96,
0.0,,"[161, 54, 244, 340]",,0.0,,0.04,,0.0,,0.0,,0.0,,0.95,
0.0,,"[168, 58, 239, 335]",,0.0,,0.06,,0.0,,0.0,,0.0,,0.93,
0.0,,"[168, 58, 240, 335]",,0.0,,0.05,,0.0,,0.0,,0.0,,0.95,
0.0,,"[176, 68, 239, 321]",,0.0,,0.05,,0.0,,0.0,,0.0,,0.94,
0.0,,"[173, 64, 237, 327]",,0.0,,0.12,,0.0,,0.0,,0.0,,0.87,
0.0,,"[179, 73, 233, 318]",,0.0,,0.05,,0.01,,0.0,,0.0,,0.94,
0.0,,"[179, 73, 233, 319]",,0.0,,0.04,,0.0,,0.0,,0.0,,0.95,
0.0,,"[179, 75, 233, 318]",,0.0,,0.05,,0.01,,0.0,,0.0,,0.94,
0.0,,"[179, 75, 233, 318]",,0.0,,0.05,,0.01,,0.0,,0.0,,0.94,
0.0,,"[175, 76, 234, 317]",,0.0,,0.04,,0.01,,0.0,,0.0,,0.94,
0.0,,"[175, 76, 234, 317]",,0.0,,0.04,,0.01,,0.0,,0.0,,0.94,
0.01,,"[171, 74, 234, 317]",,0.0,,0.08,,0.02,,0.01,,0.01,,0.87,
0.01,,"[171, 74, 233, 317]",,0.0,,0.09,,0.02,,0.01,,0.01,,0.86,
0.01,,"[167, 72, 236, 322]",,0.0,,0.06,,0.01,,0.0,,0.0,,0.92,
0.01,,"[170, 71, 229, 322]",,0.0,,0.07,,0.01,,0.0,,0.01,,0.91,
0.01,,"[164, 71, 228, 321]",,0.0,,0.06,,0.01,,0.0,,0.0,,0.92,
0.01,,"[165, 71, 227, 321]",,0.0,,0.06,,0.01,,0.0,,0.0,,0.92,
0.01,,"[159, 77, 231, 310]",,0.0,,0.11,,0.01,,0.0,,0.0,,0.87,
0.01,,"[159, 77, 231, 310]",,0.0,,0.11,,0.01,,0.0,,0.0,,0.87,
0.01,,"[153, 77, 231, 310]",,0.0,,0.09,,0.01,,0.0,,0.0,,0.89,
0.01,,"[153, 77, 231, 310]",,0.0,,0.09,,0.01,,0.0,,0.0,,0.89,
0.02,,"[148, 74, 231, 322]",,0.0,,0.17,,0.05,,0.0,,0.01,,0.75,
0.02,,"[149, 74, 230, 321]",,0.0,,0.17,,0.03,,0.0,,0.01,,0.78,
0.02,,"[147, 75, 232, 317]",,0.0,,0.18,,0.04,,0.0,,0.02,,0.73,
0.03,,"[147, 74, 231, 318]",,0.0,,0.18,,0.04,,0.0,,0.03,,0.72,
0.02,,"[142, 76, 230, 315]",,0.0,,0.12,,0.03,,0.0,,0.01,,0.81,
0.02,,"[142, 76, 231, 315]",,0.0,,0.12,,0.03,,0.0,,0.01,,0.81,
0.02,,"[140, 75, 230, 314]",,0.0,,0.07,,0.02,,0.0,,0.01,,0.88,
0.01,,"[140, 75, 231, 315]",,0.0,,0.09,,0.03,,0.0,,0.01,,0.86,
0.02,,"[133, 72, 233, 325]",,0.0,,0.1,,0.09,,0.0,,0.01,,0.78,
0.02,,"[133, 73, 233, 324]",,0.0,,0.08,,0.14,,0.0,,0.01,,0.74,
0.02,,"[129, 72, 233, 324]",,0.0,,0.07,,0.07,,0.0,,0.01,,0.83,
0.02,,"[129, 72, 233, 323]",,0.0,,0.08,,0.05,,0.0,,0.01,,0.85,
0.03,,"[127, 72, 232, 322]",,0.0,,0.09,,0.06,,0.0,,0.01,,0.8,
0.04,,"[127, 72, 233, 323]",,0.0,,0.08,,0.08,,0.0,,0.01,,0.78,
0.02,,"[122, 68, 234, 328]",,0.0,,0.11,,0.04,,0.0,,0.02,,0.81,
0.02,,"[122, 68, 234, 328]",,0.0,,0.1,,0.04,,0.0,,0.02,,0.82,
0.03,,"[121, 66, 235, 330]",,0.0,,0.07,,0.04,,0.0,,0.04,,0.81,
0.03,,"[121, 65, 235, 331]",,0.0,,0.06,,0.03,,0.0,,0.04,,0.84,
0.07,,"[120, 69, 238, 330]",,0.0,,0.07,,0.23,,0.0,,0.04,,0.59,
0.07,,"[121, 70, 236, 329]",,0.0,,0.07,,0.25,,0.0,,0.03,,0.58,
0.04,,"[117, 64, 238, 334]",,0.0,,0.05,,0.07,,0.0,,0.05,,0.79,
0.04,,"[118, 63, 237, 335]",,0.0,,0.05,,0.06,,0.0,,0.05,,0.79,
0.07,,"[117, 73, 236, 325]",,0.0,,0.05,,0.56,,0.01,,0.07,,0.24,
0.07,,"[117, 73, 236, 325]",,0.0,,0.05,,0.56,,0.01,,0.07,,0.23,
0.01,,"[116, 79, 234, 321]",,0.0,,0.0,,0.92,,0.0,,0.01,,0.06,
0.01,,"[116, 79, 234, 321]",,0.0,,0.0,,0.92,,0.0,,0.01,,0.05,
0.04,,"[114, 78, 235, 321]",,0.0,,0.01,,0.87,,0.0,,0.04,,0.03,
0.04,,"[114, 78, 234, 321]",,0.0,,0.01,,0.86,,0.0,,0.05,,0.03,
0.04,,"[112, 76, 237, 324]",,0.0,,0.02,,0.83,,0.01,,0.07,,0.03,
0.04,,"[112, 76, 237, 324]",,0.0,,0.02,,0.84,,0.01,,0.07,,0.03,
0.07,,"[109, 74, 241, 327]",,0.0,,0.04,,0.67,,0.01,,0.15,,0.06,
0.08,,"[109, 74, 240, 327]",,0.0,,0.04,,0.66,,0.01,,0.16,,0.06,
0.03,,"[107, 73, 242, 330]",,0.0,,0.03,,0.79,,0.0,,0.09,,0.05,
0.02,,"[108, 73, 241, 331]",,0.0,,0.02,,0.86,,0.0,,0.06,,0.03,
0.02,,"[105, 70, 244, 336]",,0.0,,0.02,,0.88,,0.01,,0.05,,0.04,
0.02,,"[104, 70, 244, 336]",,0.0,,0.02,,0.86,,0.01,,0.05,,0.04,
0.06,,"[101, 68, 245, 337]",,0.0,,0.07,,0.48,,0.01,,0.27,,0.11,
0.07,,"[101, 68, 245, 337]",,0.0,,0.07,,0.47,,0.01,,0.27,,0.11,
0.05,,"[98, 68, 247, 339]",,0.0,,0.03,,0.67,,0.01,,0.09,,0.16,
0.04,,"[98, 68, 247, 339]",,0.0,,0.03,,0.68,,0.01,,0.09,,0.15,
0.03,,"[96, 67, 248, 341]",,0.0,,0.03,,0.67,,0.01,,0.07,,0.2,
0.04,,"[96, 68, 248, 339]",,0.0,,0.04,,0.6,,0.01,,0.11,,0.19,
0.03,,"[94, 68, 249, 341]",,0.0,,0.02,,0.71,,0.01,,0.05,,0.18,
0.05,,"[94, 68, 249, 340]",,0.0,,0.04,,0.56,,0.01,,0.11,,0.23,
0.02,,"[95, 66, 250, 345]",,0.0,,0.02,,0.64,,0.0,,0.03,,0.28,
0.02,,"[94, 66, 251, 345]",,0.0,,0.02,,0.6,,0.0,,0.04,,0.32,
0.03,,"[95, 68, 248, 340]",,0.0,,0.04,,0.54,,0.01,,0.06,,0.32,
0.04,,"[95, 68, 248, 340]",,0.0,,0.04,,0.54,,0.01,,0.06,,0.32,
0.03,,"[96, 66, 249, 343]",,0.0,,0.07,,0.22,,0.0,,0.1,,0.57,
0.03,,"[96, 66, 249, 343]",,0.0,,0.06,,0.2,,0.0,,0.09,,0.61,
0.03,,"[93, 67, 251, 345]",,0.0,,0.07,,0.27,,0.0,,0.1,,0.52,
0.03,,"[93, 67, 251, 345]",,0.0,,0.07,,0.25,,0.0,,0.1,,0.54,
0.03,,"[89, 71, 254, 346]",,0.0,,0.03,,0.39,,0.0,,0.03,,0.5,
0.03,,"[89, 71, 254, 346]",,0.0,,0.04,,0.41,,0.01,,0.03,,0.49,
0.02,,"[89, 73, 252, 345]",,0.0,,0.03,,0.38,,0.01,,0.02,,0.55,
0.02,,"[89, 73, 252, 345]",,0.0,,0.03,,0.37,,0.0,,0.02,,0.56,
0.03,,"[87, 69, 255, 355]",,0.0,,0.02,,0.35,,0.0,,0.02,,0.58,
0.03,,"[87, 69, 255, 355]",,0.0,,0.02,,0.35,,0.0,,0.02,,0.58,
0.03,,"[87, 71, 254, 356]",,0.0,,0.04,,0.31,,0.01,,0.04,,0.57,
0.03,,"[86, 72, 254, 355]",,0.0,,0.03,,0.36,,0.01,,0.03,,0.54,
0.04,,"[81, 69, 260, 355]",,0.0,,0.03,,0.37,,0.01,,0.05,,0.5,
0.04,,"[81, 69, 260, 355]",,0.0,,0.03,,0.39,,0.01,,0.05,,0.48,
0.03,,"[80, 70, 261, 353]",,0.0,,0.04,,0.38,,0.01,,0.06,,0.47,
0.03,,"[80, 70, 261, 353]",,0.0,,0.04,,0.38,,0.01,,0.06,,0.48,
0.04,,"[78, 70, 262, 352]",,0.0,,0.06,,0.25,,0.01,,0.07,,0.58,
0.04,,"[78, 70, 262, 352]",,0.0,,0.07,,0.25,,0.01,,0.07,,0.56,
0.04,,"[79, 70, 260, 352]",,0.0,,0.05,,0.26,,0.01,,0.06,,0.58,
0.04,,"[79, 71, 260, 351]",,0.0,,0.06,,0.27,,0.01,,0.09,,0.53,
0.03,,"[79, 70, 261, 352]",,0.0,,0.04,,0.21,,0.01,,0.05,,0.67,
0.04,,"[79, 71, 261, 351]",,0.0,,0.05,,0.27,,0.01,,0.07,,0.56,
0.04,,"[79, 71, 261, 352]",,0.0,,0.04,,0.3,,0.01,,0.07,,0.54,
0.03,,"[79, 71, 262, 352]",,0.0,,0.04,,0.3,,0.01,,0.06,,0.56,
0.03,,"[80, 70, 261, 353]",,0.0,,0.03,,0.26,,0.01,,0.04,,0.63,
0.03,,"[79, 70, 261, 353]",,0.0,,0.03,,0.3,,0.01,,0.05,,0.58,
0.02,,"[78, 70, 262, 353]",,0.0,,0.03,,0.26,,0.01,,0.04,,0.64,
0.02,,"[78, 71, 261, 352]",,0.0,,0.03,,0.32,,0.01,,0.04,,0.59,
0.03,,"[77, 70, 263, 352]",,0.0,,0.02,,0.29,,0.01,,0.04,,0.62,
0.02,,"[77, 70, 262, 354]",,0.0,,0.02,,0.36,,0.01,,0.04,,0.55,
0.01,,"[77, 71, 262, 352]",,0.0,,0.02,,0.36,,0.0,,0.02,,0.58,
0.02,,"[77, 71, 263, 352]",,0.0,,0.03,,0.32,,0.01,,0.03,,0.6,
0.02,,"[77, 70, 262, 353]",,0.0,,0.02,,0.4,,0.01,,0.04,,0.51,
0.02,,"[77, 70, 262, 353]",,0.0,,0.02,,0.41,,0.01,,0.04,,0.5,
0.01,,"[77, 69, 262, 354]",,0.0,,0.01,,0.51,,0.01,,0.02,,0.43,
0.01,,"[77, 69, 260, 354]",,0.0,,0.02,,0.49,,0.01,,0.03,,0.44,
0.01,,"[78, 69, 259, 353]",,0.0,,0.01,,0.48,,0.01,,0.02,,0.48,
0.01,,"[77, 69, 260, 353]",,0.0,,0.02,,0.48,,0.01,,0.02,,0.47,
0.01,,"[78, 69, 259, 353]",,0.0,,0.02,,0.49,,0.0,,0.02,,0.46,
0.01,,"[78, 69, 259, 353]",,0.0,,0.01,,0.51,,0.0,,0.02,,0.44,
0.01,,"[77, 69, 259, 353]",,0.0,,0.01,,0.56,,0.0,,0.01,,0.41,
0.01,,"[77, 69, 259, 352]",,0.0,,0.01,,0.46,,0.0,,0.02,,0.5,
0.01,,"[77, 69, 259, 352]",,0.0,,0.01,,0.44,,0.0,,0.01,,0.53,
0.01,,"[77, 69, 259, 352]",,0.0,,0.01,,0.47,,0.0,,0.01,,0.5,
0.01,,"[78, 68, 259, 353]",,0.0,,0.01,,0.46,,0.0,,0.01,,0.51,
0.01,,"[78, 68, 259, 353]",,0.0,,0.01,,0.45,,0.0,,0.01,,0.52,
0.01,,"[77, 68, 259, 354]",,0.0,,0.01,,0.53,,0.0,,0.01,,0.45,
0.0,,"[78, 69, 258, 353]",,0.0,,0.01,,0.51,,0.0,,0.01,,0.47,
0.0,,"[78, 69, 258, 352]",,0.0,,0.01,,0.5,,0.0,,0.01,,0.48,
0.0,,"[78, 69, 257, 352]",,0.0,,0.01,,0.5,,0.0,,0.01,,0.49,
0.0,,"[78, 70, 257, 350]",,0.0,,0.01,,0.54,,0.0,,0.01,,0.44,
0.0,,"[78, 70, 258, 350]",,0.0,,0.01,,0.54,,0.0,,0.01,,0.44,
0.0,,"[78, 70, 257, 350]",,0.0,,0.01,,0.53,,0.0,,0.01,,0.45,
0.01,,"[78, 70, 257, 350]",,0.0,,0.01,,0.52,,0.0,,0.01,,0.47,
0.01,,"[77, 70, 259, 350]",,0.0,,0.01,,0.56,,0.0,,0.01,,0.41,
0.01,,"[77, 70, 260, 350]",,0.0,,0.01,,0.57,,0.0,,0.01,,0.41,
0.0,,"[76, 70, 259, 351]",,0.0,,0.0,,0.67,,0.0,,0.01,,0.31,
0.0,,"[76, 70, 259, 351]",,0.0,,0.01,,0.67,,0.0,,0.01,,0.31,
0.01,,"[76, 71, 260, 349]",,0.0,,0.01,,0.61,,0.0,,0.01,,0.36,
0.0,,"[77, 70, 259, 349]",,0.0,,0.01,,0.53,,0.0,,0.01,,0.45,
0.01,,"[76, 71, 260, 349]",,0.0,,0.01,,0.64,,0.0,,0.01,,0.34,
0.01,,"[75, 71, 261, 348]",,0.0,,0.01,,0.6,,0.0,,0.01,,0.37,
0.01,,"[75, 70, 261, 350]",,0.0,,0.01,,0.63,,0.0,,0.01,,0.34,
0.0,,"[74, 71, 261, 349]",,0.0,,0.01,,0.7,,0.0,,0.01,,0.28,
0.01,,"[75, 70, 261, 351]",,0.0,,0.01,,0.71,,0.0,,0.01,,0.26,
0.01,,"[75, 70, 261, 351]",,0.0,,0.01,,0.7,,0.0,,0.01,,0.27,
0.01,,"[77, 70, 259, 349]",,0.0,,0.01,,0.56,,0.0,,0.01,,0.41,
0.01,,"[77, 70, 259, 349]",,0.0,,0.01,,0.61,,0.0,,0.01,,0.36,
0.01,,"[75, 70, 261, 350]",,0.0,,0.0,,0.68,,0.0,,0.0,,0.3,
0.01,,"[76, 70, 260, 350]",,0.0,,0.0,,0.68,,0.0,,0.0,,0.31,
0.0,,"[75, 70, 260, 349]",,0.0,,0.0,,0.75,,0.0,,0.01,,0.24,
0.01,,"[76, 69, 260, 351]",,0.0,,0.0,,0.66,,0.0,,0.01,,0.32,
0.0,,"[76, 69, 260, 351]",,0.0,,0.0,,0.61,,0.0,,0.0,,0.38,
0.0,,"[75, 68, 260, 352]",,0.0,,0.0,,0.69,,0.0,,0.0,,0.3,
0.0,,"[76, 68, 259, 351]",,0.0,,0.0,,0.62,,0.0,,0.0,,0.37,
0.01,,"[76, 68, 259, 351]",,0.0,,0.0,,0.62,,0.0,,0.0,,0.37,
0.0,,"[75, 67, 259, 351]",,0.0,,0.0,,0.59,,0.0,,0.0,,0.39,
0.0,,"[75, 67, 259, 351]",,0.0,,0.01,,0.59,,0.0,,0.0,,0.4,
0.0,,"[74, 66, 260, 351]",,0.0,,0.01,,0.52,,0.0,,0.0,,0.47,
0.0,,"[74, 66, 260, 351]",,0.0,,0.01,,0.51,,0.0,,0.0,,0.48,
0.0,,"[73, 65, 260, 352]",,0.0,,0.01,,0.49,,0.0,,0.0,,0.5,
0.0,,"[72, 65, 261, 352]",,0.0,,0.01,,0.49,,0.0,,0.0,,0.5,
0.0,,"[70, 65, 261, 348]",,0.0,,0.01,,0.58,,0.0,,0.0,,0.41,
0.0,,"[70, 64, 261, 350]",,0.0,,0.01,,0.47,,0.0,,0.01,,0.51,
0.0,,"[75, 69, 251, 346]",,0.0,,0.0,,0.33,,0.0,,0.0,,0.66,
0.0,,"[74, 69, 252, 346]",,0.0,,0.0,,0.39,,0.0,,0.0,,0.6,
0.0,,"[73, 67, 252, 348]",,0.0,,0.0,,0.4,,0.0,,0.0,,0.59,
0.0,,"[73, 67, 252, 348]",,0.0,,0.0,,0.4,,0.0,,0.0,,0.59,
0.0,,"[73, 66, 251, 349]",,0.0,,0.0,,0.4,,0.0,,0.0,,0.59,
0.0,,"[73, 66, 251, 349]",,0.0,,0.0,,0.39,,0.0,,0.0,,0.6,
0.0,,"[71, 65, 251, 350]",,0.0,,0.0,,0.49,,0.0,,0.0,,0.5,
0.0,,"[71, 65, 251, 350]",,0.0,,0.0,,0.49,,0.0,,0.0,,0.5,
0.0,,"[69, 64, 251, 350]",,0.0,,0.0,,0.42,,0.0,,0.0,,0.57,
0.0,,"[69, 64, 251, 349]",,0.0,,0.0,,0.37,,0.0,,0.0,,0.62,
0.0,,"[68, 63, 252, 352]",,0.0,,0.0,,0.51,,0.0,,0.0,,0.48,
0.0,,"[67, 63, 253, 352]",,0.0,,0.0,,0.52,,0.0,,0.0,,0.47,
0.0,,"[66, 62, 252, 352]",,0.0,,0.0,,0.56,,0.0,,0.0,,0.43,
0.0,,"[67, 62, 252, 352]",,0.0,,0.0,,0.53,,0.0,,0.0,,0.47,
0.0,,"[65, 60, 253, 353]",,0.0,,0.0,,0.51,,0.0,,0.0,,0.49,
0.0,,"[65, 61, 253, 353]",,0.0,,0.0,,0.61,,0.0,,0.0,,0.38,
0.0,,"[65, 59, 253, 354]",,0.0,,0.0,,0.6,,0.0,,0.0,,0.4,
0.0,,"[65, 59, 253, 354]",,0.0,,0.0,,0.61,,0.0,,0.0,,0.38,
0.0,,"[61, 58, 255, 355]",,0.0,,0.0,,0.66,,0.0,,0.0,,0.34,
0.0,,"[61, 59, 254, 353]",,0.0,,0.0,,0.65,,0.0,,0.0,,0.34,
0.0,,"[61, 57, 254, 355]",,0.0,,0.0,,0.61,,0.0,,0.0,,0.38,
0.0,,"[61, 58, 255, 355]",,0.0,,0.0,,0.7,,0.0,,0.0,,0.3,
0.0,,"[60, 56, 256, 355]",,0.0,,0.0,,0.53,,0.0,,0.0,,0.46,
0.0,,"[59, 56, 258, 357]",,0.0,,0.0,,0.63,,0.0,,0.0,,0.37,
0.0,,"[59, 53, 258, 361]",,0.0,,0.0,,0.53,,0.0,,0.0,,0.46,
0.0,,"[59, 54, 257, 359]",,0.0,,0.0,,0.48,,0.0,,0.0,,0.51,
0.0,,"[57, 54, 258, 359]",,0.0,,0.0,,0.53,,0.0,,0.0,,0.46,
0.0,,"[58, 54, 257, 359]",,0.0,,0.0,,0.54,,0.0,,0.0,,0.45,
0.0,,"[55, 52, 259, 361]",,0.0,,0.0,,0.43,,0.0,,0.0,,0.57,
0.0,,"[57, 53, 257, 360]",,0.0,,0.0,,0.43,,0.0,,0.0,,0.56,
0.0,,"[53, 52, 260, 361]",,0.0,,0.0,,0.54,,0.0,,0.0,,0.46,
0.0,,"[53, 52, 260, 361]",,0.0,,0.0,,0.54,,0.0,,0.0,,0.46,
0.0,,"[52, 50, 261, 362]",,0.0,,0.0,,0.39,,0.0,,0.0,,0.6,
0.0,,"[52, 50, 261, 362]",,0.0,,0.0,,0.38,,0.0,,0.0,,0.62,
0.0,,"[50, 44, 260, 365]",,0.0,,0.0,,0.26,,0.0,,0.0,,0.73,
0.0,,"[50, 44, 260, 365]",,0.0,,0.0,,0.27,,0.0,,0.0,,0.72,
0.0,,"[48, 45, 263, 365]",,0.0,,0.0,,0.33,,0.0,,0.0,,0.66,
0.0,,"[48, 45, 263, 365]",,0.0,,0.0,,0.34,,0.0,,0.0,,0.65,
0.0,,"[47, 44, 260, 360]",,0.0,,0.0,,0.3,,0.0,,0.0,,0.69,
0.0,,"[47, 44, 260, 360]",,0.0,,0.0,,0.32,,0.0,,0.0,,0.68,
0.0,,"[41, 43, 260, 349]",,0.0,,0.01,,0.48,,0.0,,0.01,,0.49,
0.0,,"[30, 44, 266, 355]",,0.0,,0.01,,0.57,,0.0,,0.01,,0.41,
0.0,,"[39, 42, 259, 342]",,0.0,,0.06,,0.3,,0.02,,0.05,,0.56,
0.0,,"[39, 42, 259, 342]",,0.0,,0.06,,0.31,,0.02,,0.05,,0.56,
0.01,,"[37, 42, 258, 339]",,0.0,,0.03,,0.76,,0.14,,0.05,,0.01,
0.0,,"[37, 42, 258, 338]",,0.0,,0.02,,0.81,,0.12,,0.03,,0.01,
0.01,,"[38, 41, 257, 337]",,0.0,,0.02,,0.8,,0.13,,0.04,,0.01,
0.01,,"[38, 41, 257, 337]",,0.0,,0.02,,0.8,,0.13,,0.03,,0.01,
0.01,,"[38, 42, 258, 335]",,0.0,,0.02,,0.76,,0.16,,0.04,,0.01,
0.01,,"[39, 42, 257, 335]",,0.0,,0.02,,0.76,,0.16,,0.04,,0.01,
0.03,,"[40, 44, 257, 334]",,0.0,,0.07,,0.56,,0.23,,0.1,,0.01,
0.03,,"[40, 44, 257, 334]",,0.0,,0.07,,0.57,,0.23,,0.09,,0.01,
0.02,,"[42, 42, 260, 334]",,0.0,,0.06,,0.59,,0.26,,0.06,,0.01,
0.02,,"[42, 42, 260, 334]",,0.0,,0.06,,0.58,,0.26,,0.06,,0.01,
0.01,,"[44, 40, 262, 333]",,0.0,,0.05,,0.68,,0.21,,0.04,,0.01,
0.02,,"[44, 40, 262, 334]",,0.0,,0.06,,0.63,,0.23,,0.06,,0.01,
0.01,,"[50, 39, 255, 330]",,0.0,,0.03,,0.82,,0.11,,0.02,,0.01,
0.01,,"[50, 39, 255, 330]",,0.0,,0.03,,0.83,,0.1,,0.02,,0.01,
0.01,,"[48, 38, 262, 339]",,0.0,,0.02,,0.73,,0.21,,0.03,,0.0,
0.01,,"[48, 39, 262, 338]",,0.0,,0.03,,0.68,,0.24,,0.04,,0.0,
0.01,,"[50, 37, 264, 338]",,0.0,,0.03,,0.77,,0.15,,0.04,,0.01,
0.01,,"[50, 37, 264, 339]",,0.0,,0.02,,0.73,,0.2,,0.03,,0.0,
0.0,,"[58, 40, 253, 326]",,0.0,,0.01,,0.85,,0.1,,0.03,,0.0,
0.0,,"[58, 40, 252, 326]",,0.0,,0.01,,0.86,,0.1,,0.02,,0.0,
0.01,,"[59, 39, 251, 328]",,0.0,,0.02,,0.79,,0.13,,0.05,,0.01,
0.01,,"[60, 39, 251, 328]",,0.0,,0.02,,0.78,,0.14,,0.05,,0.01,
0.0,,"[60, 40, 250, 326]",,0.0,,0.01,,0.85,,0.1,,0.03,,0.0,
0.0,,"[60, 40, 250, 325]",,0.0,,0.01,,0.86,,0.08,,0.04,,0.0,
0.0,,"[60, 40, 250, 325]",,0.0,,0.01,,0.87,,0.08,,0.03,,0.0,
0.0,,"[60, 40, 250, 325]",,0.0,,0.01,,0.87,,0.09,,0.03,,0.0,
0.0,,"[58, 38, 253, 325]",,0.0,,0.01,,0.89,,0.07,,0.03,,0.0,
0.0,,"[59, 40, 251, 324]",,0.0,,0.01,,0.88,,0.08,,0.03,,0.0,
0.0,,"[52, 36, 260, 334]",,0.0,,0.0,,0.9,,0.09,,0.01,,0.0,
0.0,,"[52, 36, 260, 334]",,0.0,,0.0,,0.9,,0.08,,0.01,,0.0,
0.0,,"[53, 36, 258, 329]",,0.0,,0.0,,0.94,,0.04,,0.01,,0.0,
0.0,,"[53, 35, 258, 329]",,0.0,,0.0,,0.93,,0.05,,0.01,,0.0,
0.0,,"[51, 35, 258, 330]",,0.0,,0.01,,0.91,,0.07,,0.01,,0.0,
0.0,,"[53, 35, 255, 330]",,0.0,,0.01,,0.92,,0.07,,0.0,,0.0,
0.0,,"[52, 34, 256, 333]",,0.0,,0.01,,0.9,,0.05,,0.02,,0.01,
0.0,,"[52, 34, 256, 333]",,0.0,,0.02,,0.9,,0.05,,0.02,,0.01,
0.0,,"[44, 31, 263, 347]",,0.0,,0.01,,0.96,,0.01,,0.01,,0.01,
0.0,,"[44, 31, 264, 347]",,0.0,,0.01,,0.96,,0.01,,0.01,,0.01,
0.0,,"[44, 31, 262, 340]",,0.0,,0.01,,0.91,,0.01,,0.01,,0.04,
0.0,,"[44, 31, 262, 341]",,0.0,,0.01,,0.91,,0.01,,0.01,,0.05,
0.0,,"[42, 31, 261, 341]",,0.0,,0.01,,0.94,,0.01,,0.02,,0.03,
0.0,,"[42, 31, 261, 341]",,0.0,,0.01,,0.94,,0.01,,0.01,,0.03,
0.0,,"[38, 31, 263, 342]",,0.0,,0.0,,0.96,,0.0,,0.01,,0.02,
0.0,,"[38, 32, 264, 342]",,0.0,,0.0,,0.98,,0.0,,0.0,,0.01,
0.0,,"[31, 31, 265, 343]",,0.0,,0.0,,0.98,,0.0,,0.0,,0.01,
0.0,,"[31, 31, 265, 343]",,0.0,,0.0,,0.98,,0.0,,0.0,,0.01,
0.0,,"[26, 31, 266, 341]",,0.0,,0.0,,0.95,,0.01,,0.02,,0.02,
0.0,,"[26, 31, 266, 341]",,0.0,,0.0,,0.95,,0.01,,0.02,,0.02,
0.0,,"[19, 32, 269, 341]",,0.0,,0.02,,0.85,,0.01,,0.06,,0.05,
0.0,,"[19, 32, 270, 341]",,0.0,,0.01,,0.87,,0.01,,0.05,,0.05,
0.02,,"[13, 32, 272, 342]",,0.0,,0.07,,0.53,,0.02,,0.25,,0.11,
0.01,,"[13, 33, 272, 341]",,0.0,,0.08,,0.57,,0.02,,0.19,,0.13,
0.02,,"[7, 35, 274, 341]",,0.0,,0.09,,0.31,,0.05,,0.4,,0.12,
0.02,,"[7, 35, 274, 341]",,0.0,,0.09,,0.33,,0.05,,0.38,,0.12,
0.04,,"[1, 36, 276, 342]",,0.0,,0.1,,0.2,,0.12,,0.46,,0.08,
0.04,,"[-4, 33, 281, 347]",,0.0,,0.12,,0.19,,0.1,,0.5,,0.05,
0.05,,"[-2, 37, 276, 342]",,0.0,,0.12,,0.21,,0.13,,0.39,,0.12,
0.04,,"[-7, 33, 280, 346]",,0.0,,0.09,,0.3,,0.19,,0.31,,0.07,
0.06,,"[-3, 38, 276, 339]",,0.0,,0.11,,0.26,,0.19,,0.3,,0.08,
0.06,,"[-3, 38, 276, 339]",,0.0,,0.11,,0.26,,0.19,,0.3,,0.08,
0.01,,"[-11, 34, 279, 342]",,0.0,,0.02,,0.58,,0.27,,0.11,,0.0,
0.02,,"[-11, 34, 279, 343]",,0.0,,0.02,,0.52,,0.32,,0.11,,0.0,
0.01,,"[-13, 34, 280, 340]",,0.0,,0.01,,0.73,,0.22,,0.03,,0.0,
0.01,,"[-15, 34, 282, 343]",,0.0,,0.01,,0.58,,0.35,,0.05,,0.0,
0.01,,"[-7, 37, 277, 340]",,0.0,,0.02,,0.6,,0.32,,0.06,,0.0,
0.01,,"[-7, 37, 276, 340]",,0.0,,0.02,,0.61,,0.32,,0.05,,0.0,
0.01,,"[-8, 37, 276, 341]",,0.0,,0.04,,0.61,,0.24,,0.09,,0.01,
0.01,,"[-8, 37, 276, 341]",,0.0,,0.04,,0.62,,0.23,,0.09,,0.01,
0.04,,"[-22, 36, 287, 351]",,0.0,,0.12,,0.2,,0.03,,0.49,,0.11,
0.04,,"[-22, 36, 287, 351]",,0.0,,0.12,,0.2,,0.03,,0.5,,0.11,
0.03,,"[-8, 35, 275, 354]",,0.0,,0.07,,0.5,,0.01,,0.26,,0.12,
0.04,,"[-8, 35, 275, 354]",,0.0,,0.07,,0.5,,0.01,,0.27,,0.11,
0.01,,"[-4, 36, 275, 353]",,0.0,,0.01,,0.91,,0.01,,0.03,,0.02,
0.01,,"[-4, 36, 275, 353]",,0.0,,0.01,,0.91,,0.01,,0.04,,0.02,
0.0,,"[-5, 43, 274, 343]",,0.0,,0.0,,0.97,,0.01,,0.01,,0.01,
0.0,,"[-5, 43, 274, 343]",,0.0,,0.0,,0.97,,0.01,,0.01,,0.01,
0.0,,"[-30, 40, 292, 352]",,0.0,,0.0,,0.99,,0.01,,0.0,,0.0,
0.0,,"[-30, 40, 292, 352]",,0.0,,0.0,,0.99,,0.01,,0.0,,0.0,
0.0,,"[-17, 40, 283, 346]",,0.0,,0.0,,0.98,,0.01,,0.0,,0.0,
0.0,,"[-15, 39, 282, 348]",,0.0,,0.0,,0.99,,0.01,,0.0,,0.0,
0.0,,"[-18, 38, 284, 351]",,0.0,,0.0,,0.99,,0.01,,0.0,,0.0,
0.0,,"[-18, 38, 285, 351]",,0.0,,0.0,,0.99,,0.01,,0.0,,0.0,
0.0,,"[-21, 40, 286, 352]",,0.0,,0.0,,0.99,,0.01,,0.0,,0.0,
0.0,,"[-21, 41, 287, 352]",,0.0,,0.0,,0.99,,0.01,,0.0,,0.0,
0.0,,"[-22, 41, 288, 353]",,0.0,,0.0,,0.99,,0.01,,0.0,,0.0,
0.0,,"[-22, 41, 288, 353]",,0.0,,0.0,,0.99,,0.01,,0.0,,0.0,
0.0,,"[-20, 42, 287, 353]",,0.0,,0.0,,0.99,,0.01,,0.0,,0.0,
0.0,,"[-20, 42, 287, 353]",,0.0,,0.0,,0.99,,0.01,,0.0,,0.0,
0.0,,"[-7, 47, 277, 347]",,0.0,,0.0,,0.98,,0.02,,0.0,,0.0,
0.0,,"[-7, 46, 277, 348]",,0.0,,0.0,,0.98,,0.02,,0.0,,0.0,
0.0,,"[-11, 42, 281, 352]",,0.0,,0.0,,0.99,,0.01,,0.0,,0.0,
0.0,,"[-11, 43, 280, 350]",,0.0,,0.0,,0.99,,0.01,,0.0,,0.0,
0.0,,"[-9, 43, 280, 350]",,0.0,,0.0,,0.98,,0.01,,0.0,,0.0,
0.0,,"[-9, 43, 280, 349]",,0.0,,0.0,,0.98,,0.02,,0.0,,0.0,
0.0,,"[-1, 48, 274, 344]",,0.0,,0.0,,0.98,,0.01,,0.0,,0.0,
0.0,,"[-1, 48, 274, 344]",,0.0,,0.0,,0.98,,0.01,,0.0,,0.0,
0.0,,"[2, 50, 274, 345]",,0.0,,0.0,,0.99,,0.01,,0.0,,0.0,
0.0,,"[2, 50, 274, 345]",,0.0,,0.0,,0.99,,0.01,,0.0,,0.0,
0.0,,"[6, 52, 272, 346]",,0.0,,0.0,,0.99,,0.01,,0.0,,0.0,
0.0,,"[5, 52, 273, 347]",,0.0,,0.0,,0.99,,0.01,,0.0,,0.0,
0.0,,"[9, 54, 271, 346]",,0.0,,0.0,,0.98,,0.01,,0.0,,0.0,
0.0,,"[9, 54, 271, 346]",,0.0,,0.0,,0.98,,0.01,,0.0,,0.0,
0.0,,"[18, 64, 265, 339]",,0.0,,0.0,,0.99,,0.01,,0.0,,0.0,
0.0,,"[18, 64, 265, 339]",,0.0,,0.0,,0.99,,0.01,,0.0,,0.0,
0.0,,"[23, 65, 266, 341]",,0.0,,0.0,,0.99,,0.01,,0.0,,0.0,
0.0,,"[23, 65, 266, 341]",,0.0,,0.0,,0.99,,0.01,,0.0,,0.0,
0.0,,"[28, 67, 266, 341]",,0.0,,0.0,,0.99,,0.01,,0.0,,0.0,
0.0,,"[28, 67, 265, 341]",,0.0,,0.0,,0.99,,0.01,,0.0,,0.0,
0.0,,"[39, 63, 262, 338]",,0.0,,0.0,,0.89,,0.1,,0.0,,0.0,
0.0,,"[38, 63, 262, 338]",,0.0,,0.0,,0.92,,0.08,,0.0,,0.0,
0.0,,"[42, 62, 260, 340]",,0.0,,0.0,,0.94,,0.06,,0.0,,0.0,
0.0,,"[43, 62, 259, 340]",,0.0,,0.0,,0.93,,0.07,,0.0,,0.0,
0.03,,"[76, 81, 239, 319]",,0.0,,0.16,,0.02,,0.71,,0.05,,0.03,
0.04,,"[76, 81, 239, 319]",,0.0,,0.17,,0.02,,0.7,,0.05,,0.03,
0.03,,"[76, 80, 240, 321]",,0.0,,0.11,,0.02,,0.77,,0.05,,0.02,
0.03,,"[76, 80, 240, 321]",,0.0,,0.11,,0.02,,0.77,,0.05,,0.02,
0.03,,"[75, 79, 241, 323]",,0.0,,0.1,,0.02,,0.77,,0.05,,0.02,
0.04,,"[75, 80, 242, 322]",,0.0,,0.16,,0.02,,0.69,,0.07,,0.03,
0.04,,"[76, 81, 241, 321]",,0.0,,0.16,,0.02,,0.67,,0.08,,0.03,
0.05,,"[75, 81, 241, 321]",,0.0,,0.15,,0.02,,0.68,,0.07,,0.03,
0.04,,"[74, 81, 242, 321]",,0.0,,0.17,,0.02,,0.67,,0.07,,0.03,
0.04,,"[74, 81, 242, 322]",,0.0,,0.13,,0.02,,0.74,,0.06,,0.02,
0.04,,"[75, 81, 241, 321]",,0.0,,0.16,,0.03,,0.68,,0.06,,0.03,
0.04,,"[74, 81, 242, 322]",,0.0,,0.13,,0.02,,0.73,,0.06,,0.02,
0.04,,"[75, 80, 242, 322]",,0.0,,0.16,,0.04,,0.66,,0.06,,0.04,
0.04,,"[75, 81, 241, 321]",,0.0,,0.17,,0.02,,0.67,,0.06,,0.03,
0.04,,"[75, 80, 241, 322]",,0.0,,0.18,,0.03,,0.65,,0.07,,0.03,
0.05,,"[74, 80, 242, 322]",,0.0,,0.15,,0.03,,0.69,,0.07,,0.02,
0.04,,"[75, 80, 241, 322]",,0.0,,0.18,,0.03,,0.65,,0.07,,0.03,
0.05,,"[74, 80, 242, 322]",,0.0,,0.16,,0.03,,0.66,,0.07,,0.02,
0.05,,"[75, 80, 241, 322]",,0.0,,0.16,,0.02,,0.66,,0.08,,0.03,
0.05,,"[74, 80, 242, 322]",,0.0,,0.12,,0.03,,0.73,,0.06,,0.02,
0.04,,"[74, 80, 242, 321]",,0.0,,0.13,,0.03,,0.71,,0.07,,0.03,
0.04,,"[75, 80, 241, 321]",,0.0,,0.15,,0.03,,0.68,,0.07,,0.03,
0.04,,"[75, 80, 241, 322]",,0.0,,0.17,,0.02,,0.66,,0.08,,0.04,
0.04,,"[75, 80, 241, 322]",,0.0,,0.17,,0.02,,0.66,,0.08,,0.04,
0.03,,"[75, 79, 242, 323]",,0.0,,0.17,,0.03,,0.65,,0.08,,0.04,
0.03,,"[74, 79, 242, 323]",,0.0,,0.14,,0.03,,0.7,,0.07,,0.03,
0.04,,"[74, 79, 242, 322]",,0.0,,0.13,,0.03,,0.71,,0.06,,0.03,
0.04,,"[74, 79, 242, 323]",,0.0,,0.16,,0.03,,0.67,,0.07,,0.04,
0.04,,"[74, 79, 243, 323]",,0.0,,0.16,,0.03,,0.66,,0.07,,0.04,
0.03,,"[74, 79, 243, 323]",,0.0,,0.15,,0.04,,0.68,,0.06,,0.04,
0.04,,"[74, 79, 242, 323]",,0.0,,0.15,,0.03,,0.67,,0.07,,0.04,
0.04,,"[74, 79, 242, 323]",,0.0,,0.15,,0.03,,0.67,,0.07,,0.04,
0.03,,"[74, 79, 242, 323]",,0.0,,0.15,,0.03,,0.68,,0.07,,0.04,
0.03,,"[74, 79, 242, 323]",,0.0,,0.15,,0.03,,0.68,,0.07,,0.04,
0.04,,"[74, 79, 242, 323]",,0.0,,0.17,,0.04,,0.64,,0.08,,0.03,
0.04,,"[74, 79, 241, 322]",,0.0,,0.16,,0.04,,0.65,,0.07,,0.03,
0.04,,"[74, 79, 241, 323]",,0.0,,0.13,,0.03,,0.72,,0.05,,0.02,
0.04,,"[74, 79, 242, 323]",,0.0,,0.16,,0.04,,0.64,,0.08,,0.04,
0.05,,"[74, 81, 241, 320]",,0.0,,0.22,,0.03,,0.57,,0.08,,0.04,
0.05,,"[75, 79, 241, 322]",,0.0,,0.21,,0.04,,0.56,,0.1,,0.05,
0.05,,"[74, 81, 241, 320]",,0.0,,0.2,,0.04,,0.61,,0.07,,0.04,
0.04,,"[75, 80, 240, 321]",,0.0,,0.19,,0.05,,0.6,,0.08,,0.04,
0.05,,"[74, 81, 241, 321]",,0.0,,0.23,,0.03,,0.57,,0.08,,0.05,
0.05,,"[74, 81, 242, 320]",,0.0,,0.2,,0.04,,0.59,,0.08,,0.04,
0.04,,"[73, 81, 242, 320]",,0.0,,0.16,,0.05,,0.65,,0.07,,0.03,
0.04,,"[74, 81, 241, 321]",,0.0,,0.18,,0.04,,0.61,,0.07,,0.05,
0.04,,"[75, 81, 241, 320]",,0.0,,0.23,,0.04,,0.56,,0.07,,0.05,
0.05,,"[74, 81, 241, 320]",,0.0,,0.21,,0.04,,0.58,,0.08,,0.04,
0.05,,"[74, 81, 241, 320]",,0.0,,0.22,,0.04,,0.58,,0.09,,0.04,
0.05,,"[74, 81, 241, 320]",,0.0,,0.21,,0.03,,0.6,,0.08,,0.03,
0.04,,"[75, 81, 240, 320]",,0.0,,0.2,,0.04,,0.59,,0.08,,0.04,
0.04,,"[75, 81, 241, 321]",,0.0,,0.24,,0.04,,0.55,,0.07,,0.05,
0.06,,"[73, 82, 241, 319]",,0.0,,0.23,,0.03,,0.57,,0.09,,0.03,
0.05,,"[74, 81, 241, 321]",,0.0,,0.18,,0.04,,0.63,,0.07,,0.04,
0.05,,"[74, 81, 241, 320]",,0.0,,0.21,,0.04,,0.58,,0.08,,0.04,
0.04,,"[74, 82, 241, 320]",,0.0,,0.21,,0.04,,0.59,,0.07,,0.05,
0.05,,"[73, 81, 242, 320]",,0.0,,0.16,,0.04,,0.66,,0.07,,0.03,
0.04,,"[73, 81, 242, 321]",,0.0,,0.16,,0.04,,0.65,,0.06,,0.04,
0.06,,"[73, 82, 241, 319]",,0.0,,0.18,,0.03,,0.61,,0.08,,0.04,
0.05,,"[73, 81, 241, 319]",,0.0,,0.14,,0.03,,0.68,,0.08,,0.03,
0.06,,"[73, 82, 241, 319]",,0.0,,0.17,,0.03,,0.65,,0.07,,0.03,
0.05,,"[73, 82, 241, 319]",,0.0,,0.16,,0.03,,0.66,,0.07,,0.04,
0.05,,"[72, 82, 241, 319]",,0.0,,0.19,,0.02,,0.64,,0.07,,0.03,
0.06,,"[73, 82, 241, 318]",,0.0,,0.17,,0.03,,0.63,,0.08,,0.03,
0.05,,"[74, 82, 240, 319]",,0.0,,0.16,,0.03,,0.66,,0.06,,0.05,
0.05,,"[74, 83, 239, 318]",,0.0,,0.21,,0.03,,0.6,,0.07,,0.03,
0.05,,"[74, 83, 239, 318]",,0.0,,0.2,,0.03,,0.63,,0.07,,0.03,
0.05,,"[74, 83, 239, 317]",,0.0,,0.2,,0.03,,0.61,,0.08,,0.03,
0.05,,"[74, 83, 239, 317]",,0.0,,0.2,,0.03,,0.6,,0.08,,0.03,
0.04,,"[73, 82, 240, 319]",,0.0,,0.17,,0.03,,0.66,,0.07,,0.03,
0.05,,"[73, 82, 241, 319]",,0.0,,0.18,,0.03,,0.63,,0.07,,0.03,
0.05,,"[74, 82, 239, 319]",,0.0,,0.18,,0.03,,0.64,,0.07,,0.03,
0.04,,"[73, 82, 240, 319]",,0.0,,0.17,,0.03,,0.67,,0.07,,0.02,
0.04,,"[74, 82, 239, 319]",,0.0,,0.16,,0.03,,0.67,,0.07,,0.02,
0.04,,"[73, 82, 241, 319]",,0.0,,0.18,,0.03,,0.65,,0.07,,0.02,
0.04,,"[73, 82, 241, 319]",,0.0,,0.19,,0.03,,0.65,,0.07,,0.02,
0.05,,"[73, 82, 241, 318]",,0.0,,0.15,,0.04,,0.63,,0.08,,0.04,
0.05,,"[73, 82, 241, 318]",,0.0,,0.15,,0.04,,0.63,,0.08,,0.04,
0.05,,"[73, 83, 241, 317]",,0.0,,0.19,,0.04,,0.61,,0.08,,0.03,
0.05,,"[73, 83, 241, 317]",,0.0,,0.18,,0.04,,0.63,,0.08,,0.03,
0.04,,"[73, 83, 241, 317]",,0.0,,0.14,,0.05,,0.68,,0.07,,0.03,
0.03,,"[72, 83, 242, 319]",,0.0,,0.17,,0.03,,0.68,,0.07,,0.02,
0.03,,"[73, 83, 241, 318]",,0.0,,0.15,,0.05,,0.69,,0.06,,0.02,
0.03,,"[73, 83, 241, 318]",,0.0,,0.15,,0.05,,0.69,,0.06,,0.02,
0.02,,"[73, 84, 242, 318]",,0.0,,0.23,,0.03,,0.61,,0.08,,0.02,
0.03,,"[73, 84, 242, 318]",,0.0,,0.24,,0.03,,0.6,,0.08,,0.02,
0.04,,"[74, 83, 242, 318]",,0.0,,0.22,,0.04,,0.59,,0.08,,0.03,
0.04,,"[73, 77, 239, 329]",,0.0,,0.25,,0.03,,0.57,,0.09,,0.03,
0.05,,"[72, 83, 244, 321]",,0.0,,0.5,,0.01,,0.25,,0.1,,0.09,
0.05,,"[72, 83, 244, 321]",,0.0,,0.49,,0.01,,0.25,,0.11,,0.09,
0.04,,"[75, 83, 241, 321]",,0.0,,0.5,,0.01,,0.14,,0.09,,0.22,
0.04,,"[75, 83, 241, 321]",,0.0,,0.49,,0.01,,0.14,,0.09,,0.23,
0.04,,"[74, 84, 242, 322]",,0.0,,0.5,,0.01,,0.11,,0.11,,0.24,
0.03,,"[74, 83, 242, 323]",,0.0,,0.52,,0.01,,0.09,,0.09,,0.26,
0.04,,"[73, 84, 242, 323]",,0.0,,0.47,,0.01,,0.13,,0.11,,0.23,
0.05,,"[72, 84, 243, 323]",,0.0,,0.49,,0.01,,0.12,,0.13,,0.2,
0.07,,"[72, 84, 240, 318]",,0.0,,0.52,,0.01,,0.14,,0.12,,0.14,
0.06,,"[73, 85, 239, 317]",,0.0,,0.49,,0.01,,0.15,,0.14,,0.15,
0.03,,"[73, 76, 242, 335]",,0.0,,0.29,,0.02,,0.53,,0.08,,0.05,
0.03,,"[73, 76, 242, 335]",,0.0,,0.28,,0.02,,0.54,,0.08,,0.05,
0.03,,"[74, 74, 242, 334]",,0.0,,0.2,,0.03,,0.66,,0.06,,0.02,
0.03,,"[74, 75, 242, 332]",,0.0,,0.19,,0.03,,0.68,,0.05,,0.02,
0.03,,"[74, 76, 241, 330]",,0.0,,0.21,,0.04,,0.64,,0.05,,0.03,
0.03,,"[74, 76, 241, 330]",,0.0,,0.22,,0.03,,0.64,,0.05,,0.02,
0.03,,"[74, 78, 240, 326]",,0.0,,0.19,,0.04,,0.64,,0.07,,0.03,
0.03,,"[74, 77, 241, 328]",,0.0,,0.19,,0.04,,0.65,,0.06,,0.03,
0.02,,"[74, 77, 240, 326]",,0.0,,0.18,,0.04,,0.69,,0.05,,0.03,
0.02,,"[74, 77, 240, 326]",,0.0,,0.18,,0.03,,0.68,,0.05,,0.03,
0.03,,"[73, 77, 242, 327]",,0.0,,0.16,,0.06,,0.67,,0.06,,0.02,
0.02,,"[73, 77, 241, 327]",,0.0,,0.16,,0.04,,0.68,,0.07,,0.02,
0.04,,"[74, 77, 239, 328]",,0.0,,0.26,,0.1,,0.47,,0.1,,0.04,
0.04,,"[74, 76, 240, 329]",,0.0,,0.22,,0.11,,0.51,,0.1,,0.03,
0.02,,"[74, 72, 240, 336]",,0.0,,0.29,,0.17,,0.26,,0.14,,0.11,
0.02,,"[74, 72, 239, 336]",,0.0,,0.29,,0.17,,0.27,,0.14,,0.11,
0.02,,"[73, 72, 241, 339]",,0.0,,0.22,,0.3,,0.18,,0.07,,0.22,
0.02,,"[72, 71, 242, 340]",,0.0,,0.19,,0.3,,0.27,,0.06,,0.16,
0.02,,"[71, 74, 241, 336]",,0.0,,0.15,,0.41,,0.09,,0.06,,0.28,
0.02,,"[71, 74, 241, 336]",,0.0,,0.14,,0.42,,0.09,,0.05,,0.28,
0.01,,"[71, 75, 240, 332]",,0.0,,0.07,,0.66,,0.08,,0.05,,0.13,
0.01,,"[71, 75, 240, 332]",,0.0,,0.08,,0.66,,0.08,,0.05,,0.13,
0.01,,"[70, 78, 240, 327]",,0.0,,0.06,,0.68,,0.04,,0.04,,0.15,
0.01,,"[70, 77, 239, 327]",,0.0,,0.06,,0.69,,0.05,,0.05,,0.14,
0.01,,"[70, 78, 238, 326]",,0.0,,0.03,,0.83,,0.03,,0.02,,0.09,
0.01,,"[69, 78, 240, 325]",,0.0,,0.04,,0.78,,0.03,,0.04,,0.1,
0.0,,"[69, 80, 237, 320]",,0.0,,0.03,,0.84,,0.05,,0.02,,0.05,
0.0,,"[69, 80, 237, 320]",,0.0,,0.03,,0.84,,0.05,,0.02,,0.05,
0.0,,"[68, 79, 237, 318]",,0.0,,0.02,,0.86,,0.06,,0.02,,0.03,
0.0,,"[68, 80, 237, 319]",,0.0,,0.01,,0.91,,0.05,,0.01,,0.02,
0.01,,"[68, 79, 237, 317]",,0.0,,0.03,,0.83,,0.06,,0.04,,0.04,
0.0,,"[68, 79, 238, 317]",,0.0,,0.02,,0.88,,0.04,,0.02,,0.03,
0.0,,"[68, 76, 237, 318]",,0.0,,0.02,,0.87,,0.05,,0.01,,0.04,
0.0,,"[69, 76, 236, 320]",,0.0,,0.02,,0.88,,0.04,,0.02,,0.04,
0.0,,"[68, 74, 239, 321]",,0.0,,0.01,,0.89,,0.04,,0.01,,0.04,
0.0,,"[68, 74, 239, 320]",,0.0,,0.01,,0.9,,0.04,,0.01,,0.03,
0.0,,"[69, 73, 238, 321]",,0.0,,0.01,,0.9,,0.05,,0.01,,0.02,
0.0,,"[68, 73, 239, 321]",,0.0,,0.01,,0.91,,0.05,,0.01,,0.02,
0.0,,"[70, 72, 238, 322]",,0.0,,0.01,,0.9,,0.05,,0.01,,0.02,
0.0,,"[70, 72, 238, 322]",,0.0,,0.01,,0.9,,0.05,,0.01,,0.02,
0.0,,"[71, 71, 238, 323]",,0.0,,0.01,,0.92,,0.04,,0.01,,0.02,
0.0,,"[71, 74, 237, 320]",,0.0,,0.01,,0.92,,0.03,,0.01,,0.02,
0.0,,"[73, 79, 238, 315]",,0.0,,0.01,,0.92,,0.04,,0.01,,0.02,
0.01,,"[73, 79, 237, 314]",,0.0,,0.01,,0.9,,0.05,,0.02,,0.02,
0.0,,"[73, 78, 239, 315]",,0.0,,0.01,,0.92,,0.04,,0.01,,0.02,
0.0,,"[73, 79, 238, 314]",,0.0,,0.01,,0.9,,0.05,,0.01,,0.02,
0.0,,"[74, 80, 238, 313]",,0.0,,0.01,,0.89,,0.07,,0.01,,0.02,
0.0,,"[74, 81, 238, 311]",,0.0,,0.01,,0.9,,0.07,,0.01,,0.02,
0.0,,"[74, 79, 238, 315]",,0.0,,0.01,,0.89,,0.06,,0.02,,0.03,
0.0,,"[74, 79, 239, 315]",,0.0,,0.01,,0.88,,0.06,,0.01,,0.03,
0.0,,"[74, 79, 239, 315]",,0.0,,0.01,,0.92,,0.05,,0.01,,0.02,
0.0,,"[74, 79, 239, 315]",,0.0,,0.01,,0.92,,0.05,,0.01,,0.02,
0.0,,"[75, 81, 239, 314]",,0.0,,0.01,,0.91,,0.04,,0.01,,0.03,
0.0,,"[75, 82, 239, 313]",,0.0,,0.01,,0.9,,0.04,,0.02,,0.03,
0.01,,"[74, 79, 241, 317]",,0.0,,0.02,,0.88,,0.04,,0.02,,0.03,
0.01,,"[74, 79, 241, 317]",,0.0,,0.02,,0.88,,0.04,,0.02,,0.03,
0.01,,"[74, 80, 242, 316]",,0.0,,0.02,,0.87,,0.04,,0.03,,0.03,
0.01,,"[74, 80, 241, 317]",,0.0,,0.02,,0.86,,0.05,,0.03,,0.03,
0.0,,"[74, 79, 242, 319]",,0.0,,0.02,,0.88,,0.03,,0.02,,0.04,
0.0,,"[76, 81, 240, 315]",,0.0,,0.01,,0.9,,0.03,,0.02,,0.03,
0.0,,"[75, 80, 241, 317]",,0.0,,0.02,,0.87,,0.04,,0.02,,0.04,
0.0,,"[75, 80, 241, 317]",,0.0,,0.02,,0.87,,0.04,,0.02,,0.04,
0.0,,"[76, 80, 241, 319]",,0.0,,0.01,,0.9,,0.03,,0.02,,0.04,
0.0,,"[76, 79, 241, 320]",,0.0,,0.01,,0.9,,0.04,,0.02,,0.03,
0.0,,"[76, 80, 240, 320]",,0.0,,0.01,,0.91,,0.02,,0.02,,0.04,
0.0,,"[76, 80, 240, 320]",,0.0,,0.01,,0.91,,0.02,,0.02,,0.04,
0.01,,"[74, 80, 243, 320]",,0.0,,0.04,,0.82,,0.04,,0.04,,0.05,
0.01,,"[75, 80, 242, 320]",,0.0,,0.04,,0.82,,0.04,,0.04,,0.05,
0.01,,"[75, 80, 243, 323]",,0.0,,0.03,,0.84,,0.05,,0.04,,0.03,
0.01,,"[75, 80, 243, 322]",,0.0,,0.05,,0.79,,0.06,,0.06,,0.04,
0.01,,"[73, 81, 245, 323]",,0.0,,0.03,,0.82,,0.08,,0.04,,0.03,
0.01,,"[73, 81, 245, 323]",,0.0,,0.03,,0.82,,0.08,,0.04,,0.03,
0.02,,"[74, 80, 244, 324]",,0.0,,0.09,,0.68,,0.09,,0.08,,0.04,
0.02,,"[74, 80, 244, 323]",,0.0,,0.11,,0.64,,0.1,,0.08,,0.05,
0.01,,"[75, 81, 244, 325]",,0.0,,0.1,,0.61,,0.16,,0.08,,0.03,
0.02,,"[74, 80, 245, 325]",,0.0,,0.18,,0.49,,0.15,,0.11,,0.05,
0.03,,"[74, 80, 247, 328]",,0.0,,0.27,,0.23,,0.29,,0.12,,0.06,
0.03,,"[75, 79, 246, 328]",,0.0,,0.29,,0.21,,0.24,,0.17,,0.06,
0.04,,"[73, 79, 248, 329]",,0.0,,0.37,,0.11,,0.26,,0.18,,0.05,
0.04,,"[73, 79, 248, 329]",,0.0,,0.37,,0.1,,0.26,,0.17,,0.05,
0.05,,"[74, 78, 248, 328]",,0.0,,0.38,,0.06,,0.31,,0.14,,0.07,
0.05,,"[74, 78, 248, 328]",,0.0,,0.37,,0.06,,0.31,,0.14,,0.07,
0.04,,"[74, 79, 246, 324]",,0.0,,0.57,,0.02,,0.19,,0.08,,0.09,
0.04,,"[74, 78, 247, 326]",,0.0,,0.5,,0.03,,0.29,,0.06,,0.08,
0.04,,"[78, 75, 243, 335]",,0.0,,0.32,,0.03,,0.47,,0.06,,0.08,
0.05,,"[74, 76, 248, 330]",,0.0,,0.44,,0.03,,0.33,,0.08,,0.07,
0.03,,"[78, 73, 244, 339]",,0.0,,0.36,,0.04,,0.38,,0.06,,0.13,
0.04,,"[78, 74, 245, 339]",,0.0,,0.36,,0.03,,0.37,,0.07,,0.12,
0.04,,"[75, 75, 247, 333]",,0.0,,0.3,,0.04,,0.45,,0.09,,0.08,
0.04,,"[74, 75, 248, 334]",,0.0,,0.3,,0.04,,0.43,,0.1,,0.09,
0.04,,"[75, 77, 246, 333]",,0.0,,0.29,,0.05,,0.41,,0.09,,0.12,
0.04,,"[75, 77, 246, 333]",,0.0,,0.29,,0.05,,0.41,,0.09,,0.12,
0.03,,"[75, 75, 247, 336]",,0.0,,0.16,,0.08,,0.62,,0.06,,0.06,
0.04,,"[75, 76, 246, 335]",,0.0,,0.17,,0.09,,0.56,,0.07,,0.07,
0.03,,"[76, 75, 247, 337]",,0.0,,0.15,,0.11,,0.61,,0.05,,0.05,
0.03,,"[76, 76, 247, 336]",,0.0,,0.16,,0.12,,0.59,,0.05,,0.05,
0.05,,"[74, 73, 248, 337]",,0.0,,0.1,,0.06,,0.69,,0.05,,0.05,
0.05,,"[74, 73, 248, 337]",,0.0,,0.1,,0.06,,0.69,,0.04,,0.06,
0.03,,"[75, 72, 247, 336]",,0.0,,0.11,,0.12,,0.64,,0.05,,0.05,
0.03,,"[75, 72, 247, 336]",,0.0,,0.11,,0.12,,0.67,,0.04,,0.04,
0.04,,"[71, 71, 251, 336]",,0.0,,0.13,,0.16,,0.5,,0.09,,0.08,
0.06,,"[71, 70, 252, 337]",,0.0,,0.15,,0.15,,0.49,,0.09,,0.07,
0.08,,"[71, 70, 251, 335]",,0.0,,0.14,,0.15,,0.46,,0.12,,0.05,
0.05,,"[72, 71, 249, 334]",,0.0,,0.11,,0.19,,0.49,,0.12,,0.04,
0.08,,"[76, 74, 246, 339]",,0.0,,0.14,,0.18,,0.45,,0.12,,0.03,
0.08,,"[76, 74, 246, 339]",,0.0,,0.14,,0.19,,0.44,,0.13,,0.03,
0.08,,"[78, 76, 243, 338]",,0.0,,0.12,,0.24,,0.39,,0.14,,0.03,
0.07,,"[78, 76, 243, 338]",,0.0,,0.12,,0.25,,0.4,,0.14,,0.03,
0.08,,"[77, 76, 244, 339]",,0.0,,0.14,,0.23,,0.38,,0.15,,0.02,
0.09,,"[76, 74, 244, 340]",,0.0,,0.09,,0.21,,0.48,,0.12,,0.02,
0.07,,"[77, 76, 243, 337]",,0.0,,0.09,,0.28,,0.42,,0.12,,0.02,
0.08,,"[77, 75, 243, 338]",,0.0,,0.11,,0.26,,0.42,,0.12,,0.02,
0.07,,"[73, 71, 248, 334]",,0.0,,0.11,,0.24,,0.41,,0.14,,0.03,
0.05,,"[73, 71, 248, 336]",,0.0,,0.1,,0.3,,0.39,,0.11,,0.04,
0.05,,"[73, 70, 250, 338]",,0.0,,0.17,,0.3,,0.35,,0.09,,0.03,
0.05,,"[72, 70, 251, 339]",,0.0,,0.15,,0.3,,0.39,,0.08,,0.03,
0.06,,"[73, 70, 249, 334]",,0.0,,0.21,,0.23,,0.36,,0.1,,0.04,
0.09,,"[72, 69, 250, 336]",,0.0,,0.17,,0.22,,0.38,,0.1,,0.04,
0.08,,"[75, 74, 248, 338]",,0.0,,0.08,,0.33,,0.38,,0.09,,0.03,
0.07,,"[75, 73, 248, 339]",,0.0,,0.08,,0.36,,0.39,,0.08,,0.02,
0.06,,"[77, 71, 248, 344]",,0.0,,0.11,,0.24,,0.49,,0.08,,0.03,
0.06,,"[77, 71, 248, 345]",,0.0,,0.12,,0.24,,0.45,,0.1,,0.03,
0.06,,"[77, 70, 246, 344]",,0.0,,0.09,,0.2,,0.5,,0.13,,0.02,
0.06,,"[77, 70, 247, 345]",,0.0,,0.11,,0.22,,0.47,,0.12,,0.02,
0.06,,"[77, 71, 246, 341]",,0.0,,0.13,,0.15,,0.5,,0.13,,0.03,
0.06,,"[77, 71, 246, 341]",,0.0,,0.14,,0.15,,0.49,,0.13,,0.03,
0.07,,"[77, 73, 246, 339]",,0.0,,0.15,,0.17,,0.49,,0.09,,0.03,
0.05,,"[77, 73, 245, 336]",,0.0,,0.13,,0.24,,0.47,,0.11,,0.01,
0.04,,"[76, 73, 247, 337]",,0.0,,0.16,,0.26,,0.43,,0.09,,0.02,
0.05,,"[77, 73, 246, 338]",,0.0,,0.17,,0.21,,0.44,,0.09,,0.04,
0.05,,"[77, 74, 246, 337]",,0.0,,0.21,,0.18,,0.45,,0.07,,0.04,
0.05,,"[77, 74, 245, 337]",,0.0,,0.16,,0.2,,0.48,,0.08,,0.04,
0.04,,"[77, 74, 245, 336]",,0.0,,0.21,,0.24,,0.41,,0.07,,0.03,
0.05,,"[77, 75, 245, 334]",,0.0,,0.18,,0.28,,0.39,,0.08,,0.02,
0.04,,"[77, 74, 244, 333]",,0.0,,0.13,,0.28,,0.45,,0.1,,0.01,
0.06,,"[77, 74, 243, 330]",,0.0,,0.19,,0.14,,0.42,,0.16,,0.02,
0.03,,"[77, 76, 242, 325]",,0.0,,0.08,,0.28,,0.49,,0.11,,0.01,
0.03,,"[77, 76, 242, 324]",,0.0,,0.1,,0.28,,0.45,,0.14,,0.01,
0.02,,"[75, 76, 243, 324]",,0.0,,0.08,,0.2,,0.6,,0.1,,0.0,
0.02,,"[75, 76, 243, 324]",,0.0,,0.08,,0.2,,0.58,,0.11,,0.01,
0.03,,"[77, 77, 243, 323]",,0.0,,0.09,,0.11,,0.68,,0.08,,0.01,
0.03,,"[77, 76, 242, 325]",,0.0,,0.08,,0.11,,0.7,,0.08,,0.01,
0.07,,"[77, 78, 245, 330]",,0.0,,0.1,,0.03,,0.73,,0.06,,0.01,
0.07,,"[77, 78, 245, 330]",,0.0,,0.1,,0.03,,0.72,,0.06,,0.01,
0.08,,"[77, 76, 243, 336]",,0.0,,0.17,,0.04,,0.61,,0.06,,0.03,
0.1,,"[77, 79, 243, 332]",,0.0,,0.21,,0.03,,0.54,,0.09,,0.03,
0.09,,"[78, 81, 243, 332]",,0.0,,0.41,,0.02,,0.31,,0.09,,0.09,
0.09,,"[78, 81, 243, 332]",,0.0,,0.42,,0.01,,0.31,,0.08,,0.08,
0.08,,"[78, 81, 243, 332]",,0.0,,0.53,,0.01,,0.19,,0.1,,0.1,
0.08,,"[78, 80, 243, 333]",,0.0,,0.49,,0.02,,0.21,,0.1,,0.1,
0.12,,"[78, 78, 244, 334]",,0.0,,0.46,,0.02,,0.19,,0.1,,0.11,
0.1,,"[77, 79, 244, 333]",,0.0,,0.49,,0.02,,0.17,,0.1,,0.11,
0.09,,"[79, 78, 242, 334]",,0.0,,0.47,,0.02,,0.21,,0.11,,0.1,
0.09,,"[78, 79, 243, 333]",,0.0,,0.55,,0.01,,0.14,,0.11,,0.1,
0.07,,"[79, 79, 242, 334]",,0.0,,0.57,,0.0,,0.12,,0.1,,0.14,
0.09,,"[79, 78, 243, 335]",,0.0,,0.56,,0.01,,0.13,,0.11,,0.1,
0.12,,"[80, 81, 241, 332]",,0.0,,0.57,,0.01,,0.11,,0.08,,0.11,
0.14,,"[76, 71, 248, 343]",,0.0,,0.48,,0.0,,0.13,,0.09,,0.15,
0.07,,"[79, 69, 244, 344]",,0.0,,0.5,,0.0,,0.04,,0.07,,0.31,
0.06,,"[80, 69, 243, 345]",,0.0,,0.49,,0.0,,0.05,,0.05,,0.34,
0.02,,"[79, 62, 247, 357]",,0.0,,0.37,,0.0,,0.01,,0.02,,0.58,
0.02,,"[79, 62, 246, 357]",,0.0,,0.37,,0.0,,0.01,,0.02,,0.58,
0.0,,"[78, 56, 245, 361]",,0.0,,0.05,,0.0,,0.0,,0.0,,0.95,
0.0,,"[78, 56, 246, 361]",,0.0,,0.06,,0.0,,0.0,,0.0,,0.94,
0.0,,"[74, 48, 249, 368]",,0.0,,0.02,,0.0,,0.0,,0.0,,0.98,
0.0,,"[74, 48, 249, 368]",,0.0,,0.02,,0.0,,0.0,,0.0,,0.98,
0.0,,"[71, 40, 257, 376]",,0.0,,0.02,,0.0,,0.0,,0.0,,0.98,
0.0,,"[71, 39, 257, 377]",,0.0,,0.02,,0.0,,0.0,,0.0,,0.98,
0.0,,"[76, 42, 255, 369]",,0.0,,0.02,,0.0,,0.0,,0.0,,0.98,
0.0,,"[77, 44, 253, 366]",,0.0,,0.02,,0.0,,0.0,,0.0,,0.98,
0.0,,"[81, 31, 252, 379]",,0.0,,0.02,,0.0,,0.0,,0.0,,0.98,
0.0,,"[80, 32, 253, 377]",,0.0,,0.03,,0.0,,0.0,,0.0,,0.97,
0.0,,"[81, 29, 256, 375]",,0.0,,0.05,,0.0,,0.0,,0.0,,0.94,
0.0,,"[81, 29, 256, 375]",,0.0,,0.05,,0.0,,0.0,,0.0,,0.94,
0.0,,"[94, 28, 249, 365]",,0.0,,0.02,,0.0,,0.0,,0.0,,0.98,
0.0,,"[94, 28, 249, 365]",,0.0,,0.02,,0.0,,0.0,,0.0,,0.98,
0.01,,"[95, 26, 251, 359]",,0.0,,0.02,,0.01,,0.0,,0.0,,0.96,
0.01,,"[94, 26, 252, 359]",,0.0,,0.02,,0.01,,0.0,,0.0,,0.96,
0.03,,"[104, 30, 243, 345]",,0.0,,0.03,,0.02,,0.0,,0.0,,0.92,
0.03,,"[105, 30, 242, 345]",,0.0,,0.03,,0.02,,0.0,,0.0,,0.92,
0.03,,"[108, 29, 242, 340]",,0.0,,0.03,,0.01,,0.0,,0.0,,0.93,
0.03,,"[108, 29, 242, 340]",,0.0,,0.03,,0.01,,0.0,,0.0,,0.92,
0.02,,"[110, 28, 239, 338]",,0.0,,0.04,,0.01,,0.0,,0.0,,0.93,
0.02,,"[110, 28, 239, 338]",,0.0,,0.04,,0.01,,0.0,,0.0,,0.93,
0.01,,"[113, 27, 236, 337]",,0.0,,0.02,,0.01,,0.0,,0.0,,0.97,
0.01,,"[112, 27, 237, 337]",,0.0,,0.02,,0.01,,0.0,,0.0,,0.96,
0.01,,"[114, 28, 236, 337]",,0.0,,0.02,,0.01,,0.0,,0.0,,0.97,
0.0,,"[114, 27, 235, 337]",,0.0,,0.01,,0.0,,0.0,,0.0,,0.98,
0.01,,"[116, 29, 234, 336]",,0.0,,0.02,,0.01,,0.0,,0.0,,0.97,
0.0,,"[116, 29, 235, 335]",,0.0,,0.01,,0.01,,0.0,,0.0,,0.97,
0.0,,"[119, 28, 237, 341]",,0.0,,0.01,,0.0,,0.0,,0.0,,0.98,
0.0,,"[119, 28, 237, 341]",,0.0,,0.01,,0.0,,0.0,,0.0,,0.98,
0.0,,"[121, 28, 238, 341]",,0.0,,0.02,,0.01,,0.0,,0.0,,0.97,
0.0,,"[121, 28, 238, 341]",,0.0,,0.02,,0.01,,0.0,,0.0,,0.97,
0.0,,"[123, 28, 237, 339]",,0.0,,0.01,,0.01,,0.0,,0.0,,0.98,
0.0,,"[123, 28, 237, 339]",,0.0,,0.01,,0.01,,0.0,,0.0,,0.98,
0.0,,"[124, 31, 238, 339]",,0.0,,0.01,,0.02,,0.0,,0.0,,0.96,
0.0,,"[124, 30, 238, 340]",,0.0,,0.01,,0.02,,0.0,,0.0,,0.97,
0.0,,"[124, 34, 239, 339]",,0.0,,0.01,,0.06,,0.0,,0.0,,0.93,
0.0,,"[124, 34, 240, 339]",,0.0,,0.01,,0.05,,0.0,,0.0,,0.94,
0.01,,"[124, 33, 245, 345]",,0.0,,0.06,,0.16,,0.0,,0.0,,0.78,
0.01,,"[123, 34, 246, 344]",,0.0,,0.05,,0.15,,0.0,,0.0,,0.79,
0.0,,"[124, 34, 245, 338]",,0.0,,0.03,,0.13,,0.0,,0.0,,0.83,
0.01,,"[125, 34, 245, 339]",,0.0,,0.04,,0.18,,0.0,,0.0,,0.78,
0.0,,"[122, 38, 241, 333]",,0.0,,0.01,,0.75,,0.0,,0.0,,0.24,
0.0,,"[123, 39, 241, 333]",,0.0,,0.01,,0.78,,0.0,,0.0,,0.21,
0.0,,"[120, 41, 240, 326]",,0.0,,0.01,,0.85,,0.0,,0.0,,0.14,
0.0,,"[120, 41, 240, 326]",,0.0,,0.01,,0.85,,0.0,,0.0,,0.14,
0.0,,"[119, 42, 241, 327]",,0.0,,0.0,,0.93,,0.0,,0.0,,0.06,
0.0,,"[119, 41, 242, 328]",,0.0,,0.01,,0.92,,0.0,,0.0,,0.07,
0.0,,"[118, 44, 240, 326]",,0.0,,0.0,,0.97,,0.0,,0.0,,0.03,
0.0,,"[118, 44, 240, 326]",,0.0,,0.0,,0.97,,0.0,,0.0,,0.03,
0.0,,"[118, 48, 236, 318]",,0.0,,0.0,,0.97,,0.0,,0.0,,0.02,
0.0,,"[119, 50, 236, 317]",,0.0,,0.0,,0.97,,0.01,,0.0,,0.02,
0.0,,"[114, 49, 239, 315]",,0.0,,0.0,,0.98,,0.02,,0.0,,0.0,
0.0,,"[115, 50, 239, 315]",,0.0,,0.0,,0.98,,0.01,,0.0,,0.0,
0.0,,"[111, 48, 240, 317]",,0.0,,0.0,,0.91,,0.08,,0.0,,0.01,
0.0,,"[111, 48, 240, 317]",,0.0,,0.0,,0.91,,0.08,,0.0,,0.01,
0.0,,"[106, 47, 240, 318]",,0.0,,0.0,,0.92,,0.06,,0.0,,0.01,
0.0,,"[106, 47, 240, 318]",,0.0,,0.0,,0.92,,0.06,,0.0,,0.01,
0.0,,"[102, 47, 246, 324]",,0.0,,0.0,,0.97,,0.01,,0.0,,0.02,
0.0,,"[102, 48, 247, 323]",,0.0,,0.0,,0.97,,0.0,,0.0,,0.02,
0.0,,"[99, 46, 247, 328]",,0.0,,0.0,,0.93,,0.0,,0.0,,0.06,
0.0,,"[99, 46, 247, 328]",,0.0,,0.0,,0.93,,0.0,,0.0,,0.06,
0.0,,"[95, 42, 249, 331]",,0.0,,0.0,,0.95,,0.01,,0.0,,0.03,
0.0,,"[94, 42, 250, 331]",,0.0,,0.0,,0.95,,0.01,,0.0,,0.03,
0.0,,"[91, 43, 250, 331]",,0.0,,0.0,,0.97,,0.01,,0.0,,0.02,
0.0,,"[91, 43, 250, 331]",,0.0,,0.0,,0.97,,0.01,,0.0,,0.02,
0.0,,"[85, 41, 252, 330]",,0.0,,0.0,,0.98,,0.01,,0.0,,0.01,
0.0,,"[85, 41, 252, 330]",,0.0,,0.0,,0.98,,0.01,,0.0,,0.01,
0.0,,"[83, 38, 251, 332]",,0.0,,0.0,,0.95,,0.03,,0.01,,0.01,
0.0,,"[83, 38, 252, 332]",,0.0,,0.0,,0.95,,0.03,,0.01,,0.01,
0.0,,"[78, 37, 253, 333]",,0.0,,0.01,,0.94,,0.02,,0.02,,0.01,
0.0,,"[78, 37, 253, 333]",,0.0,,0.01,,0.94,,0.02,,0.02,,0.01,
0.0,,"[76, 35, 253, 335]",,0.0,,0.01,,0.93,,0.03,,0.01,,0.01,
0.0,,"[76, 35, 253, 335]",,0.0,,0.01,,0.93,,0.04,,0.01,,0.01,
0.01,,"[72, 30, 258, 342]",,0.0,,0.03,,0.84,,0.08,,0.03,,0.01,
0.01,,"[72, 30, 258, 342]",,0.0,,0.03,,0.84,,0.08,,0.04,,0.01,
0.01,,"[70, 27, 258, 347]",,0.0,,0.02,,0.85,,0.05,,0.04,,0.02,
0.01,,"[71, 26, 257, 348]",,0.0,,0.02,,0.88,,0.04,,0.03,,0.02,
0.02,,"[66, 22, 262, 357]",,0.0,,0.05,,0.71,,0.05,,0.09,,0.07,
0.02,,"[66, 22, 262, 357]",,0.0,,0.05,,0.72,,0.05,,0.09,,0.07,
0.01,,"[65, 23, 263, 364]",,0.0,,0.02,,0.66,,0.01,,0.01,,0.28,
0.02,,"[65, 24, 263, 363]",,0.0,,0.02,,0.62,,0.01,,0.02,,0.31,
0.01,,"[61, 22, 266, 369]",,0.0,,0.02,,0.69,,0.0,,0.01,,0.27,
0.01,,"[62, 22, 266, 372]",,0.0,,0.01,,0.64,,0.0,,0.0,,0.33,
0.0,,"[60, 25, 265, 377]",,0.0,,0.0,,0.63,,0.0,,0.0,,0.36,
0.0,,"[59, 26, 266, 376]",,0.0,,0.0,,0.72,,0.0,,0.0,,0.27,
0.0,,"[57, 26, 270, 383]",,0.0,,0.0,,0.66,,0.0,,0.0,,0.33,
0.0,,"[59, 27, 268, 381]",,0.0,,0.0,,0.58,,0.0,,0.0,,0.42,
0.0,,"[54, 27, 271, 383]",,0.0,,0.0,,0.67,,0.0,,0.0,,0.32,
0.0,,"[54, 27, 271, 383]",,0.0,,0.0,,0.66,,0.0,,0.0,,0.33,
0.0,,"[52, 30, 270, 379]",,0.0,,0.0,,0.8,,0.0,,0.0,,0.2,
0.0,,"[52, 29, 270, 380]",,0.0,,0.0,,0.78,,0.0,,0.0,,0.22,
0.0,,"[49, 32, 273, 378]",,0.0,,0.0,,0.8,,0.0,,0.0,,0.2,
0.0,,"[49, 32, 272, 378]",,0.0,,0.0,,0.79,,0.0,,0.0,,0.21,
0.0,,"[49, 33, 269, 377]",,0.0,,0.0,,0.82,,0.0,,0.0,,0.18,
0.0,,"[49, 33, 269, 377]",,0.0,,0.0,,0.81,,0.0,,0.0,,0.19,
0.0,,"[49, 35, 265, 373]",,0.0,,0.0,,0.84,,0.0,,0.0,,0.16,
0.0,,"[49, 35, 265, 373]",,0.0,,0.0,,0.85,,0.0,,0.0,,0.15,
0.0,,"[49, 37, 262, 365]",,0.0,,0.0,,0.87,,0.0,,0.0,,0.12,
0.0,,"[49, 36, 262, 365]",,0.0,,0.0,,0.87,,0.0,,0.0,,0.12,
0.0,,"[51, 38, 257, 358]",,0.0,,0.0,,0.84,,0.01,,0.01,,0.14,
0.0,,"[50, 38, 258, 358]",,0.0,,0.0,,0.88,,0.01,,0.01,,0.09,
0.0,,"[49, 38, 257, 355]",,0.0,,0.0,,0.9,,0.04,,0.0,,0.05,
0.0,,"[49, 39, 257, 353]",,0.0,,0.0,,0.91,,0.03,,0.0,,0.05,
0.0,,"[49, 40, 255, 349]",,0.0,,0.0,,0.92,,0.05,,0.0,,0.03,
0.0,,"[49, 40, 255, 349]",,0.0,,0.0,,0.92,,0.05,,0.0,,0.03,
0.0,,"[47, 40, 256, 347]",,0.0,,0.0,,0.95,,0.04,,0.0,,0.01,
0.0,,"[47, 39, 256, 349]",,0.0,,0.0,,0.94,,0.04,,0.0,,0.02,
0.0,,"[45, 44, 258, 347]",,0.0,,0.0,,0.97,,0.02,,0.0,,0.01,
0.0,,"[47, 45, 257, 345]",,0.0,,0.0,,0.96,,0.03,,0.0,,0.01,
0.0,,"[47, 44, 257, 347]",,0.0,,0.0,,0.97,,0.02,,0.0,,0.01,
0.0,,"[47, 43, 257, 347]",,0.0,,0.0,,0.95,,0.04,,0.0,,0.01,
0.0,,"[47, 43, 255, 342]",,0.0,,0.0,,0.95,,0.05,,0.0,,0.01,
0.0,,"[46, 43, 257, 343]",,0.0,,0.0,,0.93,,0.06,,0.0,,0.0,
0.0,,"[48, 44, 255, 340]",,0.0,,0.0,,0.93,,0.06,,0.0,,0.01,
0.0,,"[49, 45, 253, 339]",,0.0,,0.0,,0.94,,0.04,,0.0,,0.01,
0.0,,"[50, 48, 253, 340]",,0.0,,0.0,,0.96,,0.03,,0.0,,0.01,
0.0,,"[50, 48, 254, 340]",,0.0,,0.0,,0.96,,0.03,,0.0,,0.01,
0.0,,"[55, 46, 248, 333]",,0.0,,0.0,,0.94,,0.05,,0.0,,0.01,
0.0,,"[55, 46, 248, 332]",,0.0,,0.0,,0.94,,0.05,,0.0,,0.01,
0.0,,"[58, 49, 249, 326]",,0.0,,0.0,,0.97,,0.03,,0.0,,0.01,
0.0,,"[58, 49, 249, 326]",,0.0,,0.0,,0.97,,0.03,,0.0,,0.01,
0.0,,"[60, 45, 253, 327]",,0.0,,0.0,,0.96,,0.03,,0.0,,0.01,
0.0,,"[61, 44, 257, 335]",,0.0,,0.0,,0.99,,0.01,,0.0,,0.0,
0.0,,"[65, 43, 254, 329]",,0.0,,0.0,,0.99,,0.01,,0.0,,0.0,
0.0,,"[65, 43, 254, 329]",,0.0,,0.0,,0.98,,0.01,,0.0,,0.0,
0.0,,"[72, 40, 252, 329]",,0.0,,0.0,,0.97,,0.02,,0.0,,0.0,
0.0,,"[71, 41, 252, 329]",,0.0,,0.0,,0.98,,0.01,,0.0,,0.0,
0.0,,"[70, 45, 253, 325]",,0.0,,0.0,,0.99,,0.01,,0.0,,0.0,
0.0,,"[70, 45, 253, 325]",,0.0,,0.0,,0.99,,0.01,,0.0,,0.0,
0.0,,"[71, 45, 252, 329]",,0.0,,0.0,,0.99,,0.01,,0.0,,0.0,
0.0,,"[71, 45, 252, 329]",,0.0,,0.0,,0.99,,0.01,,0.0,,0.0,
0.0,,"[70, 47, 251, 329]",,0.0,,0.0,,0.99,,0.01,,0.0,,0.0,
0.0,,"[70, 47, 251, 329]",,0.0,,0.0,,0.99,,0.01,,0.0,,0.0,
0.0,,"[69, 47, 250, 330]",,0.0,,0.0,,0.99,,0.01,,0.0,,0.01,
0.0,,"[69, 47, 250, 330]",,0.0,,0.0,,0.99,,0.01,,0.0,,0.01,
0.0,,"[68, 48, 249, 329]",,0.0,,0.0,,0.99,,0.01,,0.0,,0.01,
0.0,,"[69, 48, 248, 328]",,0.0,,0.0,,0.99,,0.01,,0.0,,0.01,
0.0,,"[71, 48, 244, 325]",,0.0,,0.0,,0.98,,0.01,,0.0,,0.01,
0.0,,"[71, 48, 244, 326]",,0.0,,0.0,,0.98,,0.01,,0.0,,0.01,
0.0,,"[70, 47, 245, 327]",,0.0,,0.0,,0.97,,0.02,,0.0,,0.01,
0.0,,"[70, 47, 245, 327]",,0.0,,0.0,,0.97,,0.02,,0.0,,0.01,
0.0,,"[70, 47, 245, 328]",,0.0,,0.0,,0.98,,0.01,,0.0,,0.01,
0.0,,"[70, 48, 245, 327]",,0.0,,0.0,,0.98,,0.01,,0.0,,0.01,
0.0,,"[69, 54, 244, 319]",,0.0,,0.0,,0.97,,0.02,,0.0,,0.01,
0.08,,"[6, 38, 278, 364]",,0.0,,0.31,,0.03,,0.38,,0.14,,0.07,
0.08,,"[3, 38, 280, 365]",,0.0,,0.3,,0.02,,0.36,,0.16,,0.08,
0.07,,"[5, 38, 279, 362]",,0.0,,0.32,,0.03,,0.34,,0.14,,0.1,
0.06,,"[4, 37, 280, 365]",,0.0,,0.33,,0.02,,0.37,,0.13,,0.08,
0.07,,"[4, 37, 280, 365]",,0.0,,0.33,,0.02,,0.37,,0.13,,0.07,
0.06,,"[6, 39, 279, 361]",,0.0,,0.31,,0.02,,0.36,,0.15,,0.1,
0.06,,"[6, 39, 278, 361]",,0.0,,0.31,,0.02,,0.34,,0.16,,0.1,
0.07,,"[7, 38, 278, 361]",,0.0,,0.34,,0.02,,0.3,,0.15,,0.13,
0.06,,"[7, 39, 277, 361]",,0.0,,0.28,,0.02,,0.38,,0.18,,0.08,
0.07,,"[6, 37, 279, 362]",,0.0,,0.35,,0.02,,0.26,,0.14,,0.16,
0.06,,"[6, 37, 278, 362]",,0.0,,0.34,,0.02,,0.29,,0.13,,0.15,
0.07,,"[8, 37, 278, 361]",,0.0,,0.35,,0.02,,0.21,,0.13,,0.22,
0.08,,"[7, 37, 279, 361]",,0.0,,0.36,,0.02,,0.21,,0.15,,0.19,
0.05,,"[17, 35, 272, 362]",,0.0,,0.47,,0.01,,0.12,,0.11,,0.24,
0.06,,"[18, 35, 270, 361]",,0.0,,0.41,,0.02,,0.16,,0.09,,0.25,
0.05,,"[18, 34, 271, 363]",,0.0,,0.39,,0.01,,0.12,,0.09,,0.34,
0.05,,"[18, 34, 270, 363]",,0.0,,0.39,,0.01,,0.13,,0.09,,0.32,
0.06,,"[8, 35, 279, 362]",,0.0,,0.43,,0.01,,0.16,,0.11,,0.23,
0.07,,"[8, 36, 279, 361]",,0.0,,0.45,,0.01,,0.14,,0.14,,0.19,
0.08,,"[21, 32, 268, 365]",,0.0,,0.4,,0.01,,0.15,,0.1,,0.26,
0.07,,"[9, 35, 279, 363]",,0.0,,0.41,,0.01,,0.14,,0.14,,0.22,
0.06,,"[10, 35, 279, 364]",,0.0,,0.39,,0.02,,0.16,,0.14,,0.24,
0.07,,"[10, 35, 278, 364]",,0.0,,0.41,,0.02,,0.14,,0.14,,0.23,
0.07,,"[27, 42, 261, 349]",,0.0,,0.46,,0.01,,0.16,,0.14,,0.16,
0.05,,"[17, 41, 270, 361]",,0.0,,0.39,,0.01,,0.22,,0.13,,0.2,
0.05,,"[18, 42, 269, 359]",,0.0,,0.41,,0.01,,0.22,,0.11,,0.2,
0.06,,"[18, 41, 270, 361]",,0.0,,0.42,,0.01,,0.19,,0.15,,0.17,
0.04,,"[18, 40, 269, 361]",,0.0,,0.4,,0.01,,0.27,,0.15,,0.14,
0.05,,"[19, 39, 269, 362]",,0.0,,0.42,,0.01,,0.23,,0.15,,0.14,
0.05,,"[17, 39, 271, 362]",,0.0,,0.37,,0.01,,0.29,,0.16,,0.13,
0.05,,"[17, 39, 271, 362]",,0.0,,0.37,,0.01,,0.28,,0.17,,0.13,
0.04,,"[19, 38, 270, 363]",,0.0,,0.35,,0.01,,0.33,,0.15,,0.13,
0.05,,"[17, 38, 272, 364]",,0.0,,0.4,,0.01,,0.22,,0.21,,0.11,
0.04,,"[20, 39, 269, 362]",,0.0,,0.4,,0.01,,0.29,,0.15,,0.11,
0.04,,"[20, 39, 269, 362]",,0.0,,0.39,,0.01,,0.3,,0.15,,0.11,
0.09,,"[32, 40, 261, 355]",,0.0,,0.36,,0.01,,0.15,,0.14,,0.25,
0.12,,"[33, 39, 261, 356]",,0.0,,0.41,,0.01,,0.13,,0.16,,0.17,
0.11,,"[33, 40, 260, 355]",,0.0,,0.38,,0.01,,0.14,,0.17,,0.2,
0.1,,"[33, 40, 260, 355]",,0.0,,0.39,,0.01,,0.14,,0.16,,0.2,
0.07,,"[20, 34, 270, 368]",,0.0,,0.39,,0.01,,0.22,,0.22,,0.1,
0.06,,"[20, 34, 270, 368]",,0.0,,0.39,,0.01,,0.21,,0.22,,0.11,
0.07,,"[21, 35, 271, 366]",,0.0,,0.39,,0.01,,0.19,,0.21,,0.13,
0.08,,"[21, 34, 271, 368]",,0.0,,0.38,,0.01,,0.2,,0.19,,0.14,
0.08,,"[21, 35, 270, 366]",,0.0,,0.37,,0.01,,0.23,,0.19,,0.13,
0.08,,"[21, 35, 270, 366]",,0.0,,0.36,,0.01,,0.24,,0.19,,0.13,
0.07,,"[25, 38, 266, 362]",,0.0,,0.44,,0.01,,0.17,,0.18,,0.13,
0.08,,"[25, 39, 266, 360]",,0.0,,0.4,,0.01,,0.2,,0.18,,0.14,
0.08,,"[25, 38, 266, 363]",,0.0,,0.38,,0.01,,0.19,,0.22,,0.12,
0.08,,"[25, 37, 267, 364]",,0.0,,0.41,,0.01,,0.16,,0.21,,0.14,
0.08,,"[25, 38, 266, 363]",,0.0,,0.4,,0.01,,0.18,,0.22,,0.11,
0.09,,"[24, 38, 267, 363]",,0.0,,0.44,,0.01,,0.17,,0.18,,0.12,
0.07,,"[26, 38, 266, 363]",,0.0,,0.34,,0.01,,0.26,,0.2,,0.11,
0.08,,"[25, 38, 267, 363]",,0.0,,0.43,,0.01,,0.18,,0.19,,0.11,
0.08,,"[20, 36, 271, 365]",,0.0,,0.47,,0.01,,0.16,,0.16,,0.11,
0.09,,"[24, 39, 266, 361]",,0.0,,0.52,,0.01,,0.12,,0.14,,0.12,
0.08,,"[22, 41, 270, 353]",,0.0,,0.59,,0.0,,0.11,,0.14,,0.08,
0.09,,"[22, 41, 270, 353]",,0.0,,0.59,,0.0,,0.11,,0.14,,0.08,
0.1,,"[23, 45, 268, 359]",,0.0,,0.55,,0.0,,0.11,,0.13,,0.11,
0.12,,"[22, 44, 269, 360]",,0.0,,0.49,,0.0,,0.16,,0.15,,0.08,
0.12,,"[20, 47, 271, 358]",,0.0,,0.48,,0.01,,0.17,,0.12,,0.1,
0.12,,"[20, 47, 271, 358]",,0.0,,0.51,,0.01,,0.17,,0.11,,0.09,
0.11,,"[36, 40, 260, 360]",,0.0,,0.5,,0.01,,0.09,,0.1,,0.2,
0.13,,"[36, 40, 260, 359]",,0.0,,0.51,,0.01,,0.09,,0.1,,0.18,
0.16,,"[33, 50, 267, 365]",,0.0,,0.53,,0.02,,0.09,,0.12,,0.08,
0.17,,"[33, 50, 267, 365]",,0.0,,0.53,,0.02,,0.09,,0.12,,0.08,
0.08,,"[36, 40, 264, 365]",,0.0,,0.5,,0.0,,0.02,,0.1,,0.29,
0.07,,"[36, 40, 263, 365]",,0.0,,0.48,,0.0,,0.02,,0.08,,0.33,
0.06,,"[38, 42, 259, 362]",,0.0,,0.39,,0.01,,0.02,,0.06,,0.46,
0.06,,"[38, 42, 259, 362]",,0.0,,0.38,,0.01,,0.02,,0.06,,0.47,
0.06,,"[38, 41, 261, 365]",,0.0,,0.39,,0.01,,0.02,,0.06,,0.46,
0.06,,"[38, 41, 261, 365]",,0.0,,0.38,,0.01,,0.02,,0.06,,0.47,
0.07,,"[37, 40, 262, 368]",,0.0,,0.31,,0.01,,0.02,,0.07,,0.5,
0.07,,"[37, 40, 262, 368]",,0.0,,0.31,,0.02,,0.03,,0.07,,0.51,
0.09,,"[37, 40, 262, 366]",,0.0,,0.4,,0.02,,0.02,,0.08,,0.4,
0.08,,"[32, 44, 266, 364]",,0.0,,0.33,,0.02,,0.03,,0.1,,0.43,
0.08,,"[38, 40, 262, 368]",,0.0,,0.3,,0.02,,0.03,,0.08,,0.5,
0.08,,"[38, 40, 262, 368]",,0.0,,0.31,,0.02,,0.03,,0.08,,0.49,
0.08,,"[37, 39, 263, 369]",,0.0,,0.35,,0.02,,0.03,,0.09,,0.44,
0.07,,"[37, 40, 263, 368]",,0.0,,0.34,,0.01,,0.03,,0.09,,0.46,
0.07,,"[36, 39, 263, 370]",,0.0,,0.27,,0.02,,0.03,,0.07,,0.55,
0.08,,"[32, 42, 266, 365]",,0.0,,0.29,,0.04,,0.04,,0.12,,0.43,
0.08,,"[37, 39, 262, 368]",,0.0,,0.35,,0.02,,0.03,,0.08,,0.45,
0.08,,"[37, 39, 261, 368]",,0.0,,0.36,,0.02,,0.03,,0.08,,0.43,
0.1,,"[36, 40, 260, 363]",,0.0,,0.46,,0.02,,0.04,,0.14,,0.24,
0.1,,"[36, 40, 260, 363]",,0.0,,0.46,,0.01,,0.05,,0.13,,0.24,
0.11,,"[36, 39, 262, 362]",,0.0,,0.46,,0.02,,0.03,,0.11,,0.28,
0.11,,"[36, 39, 262, 362]",,0.0,,0.46,,0.02,,0.03,,0.11,,0.28,
0.07,,"[36, 39, 262, 366]",,0.0,,0.46,,0.02,,0.08,,0.18,,0.19,
0.12,,"[36, 39, 261, 362]",,0.0,,0.45,,0.02,,0.05,,0.14,,0.23,
0.08,,"[35, 39, 262, 364]",,0.0,,0.41,,0.03,,0.1,,0.17,,0.2,
0.08,,"[35, 39, 262, 364]",,0.0,,0.41,,0.04,,0.1,,0.17,,0.2,
0.08,,"[35, 41, 261, 360]",,0.0,,0.41,,0.03,,0.07,,0.14,,0.27,
0.06,,"[35, 40, 262, 364]",,0.0,,0.41,,0.03,,0.09,,0.15,,0.25,
0.05,,"[34, 42, 262, 361]",,0.0,,0.44,,0.03,,0.1,,0.15,,0.23,
0.05,,"[34, 42, 263, 361]",,0.0,,0.43,,0.03,,0.1,,0.15,,0.24,
0.06,,"[35, 42, 261, 361]",,0.0,,0.42,,0.03,,0.07,,0.17,,0.25,
0.06,,"[35, 42, 261, 361]",,0.0,,0.42,,0.03,,0.07,,0.16,,0.25,
0.05,,"[35, 42, 261, 361]",,0.0,,0.39,,0.03,,0.08,,0.17,,0.27,
0.06,,"[36, 43, 261, 359]",,0.0,,0.42,,0.03,,0.07,,0.18,,0.25,
0.06,,"[36, 41, 260, 359]",,0.0,,0.46,,0.03,,0.1,,0.13,,0.22,
0.06,,"[36, 42, 260, 359]",,0.0,,0.42,,0.03,,0.1,,0.16,,0.23,
0.06,,"[35, 43, 261, 357]",,0.0,,0.39,,0.03,,0.13,,0.14,,0.25,
0.06,,"[35, 43, 261, 357]",,0.0,,0.39,,0.03,,0.13,,0.14,,0.26,
0.09,,"[36, 43, 261, 356]",,0.0,,0.41,,0.02,,0.15,,0.16,,0.17,
0.08,,"[36, 43, 260, 356]",,0.0,,0.42,,0.02,,0.15,,0.12,,0.21,
0.09,,"[36, 43, 260, 356]",,0.0,,0.4,,0.02,,0.16,,0.12,,0.22,
0.1,,"[36, 43, 260, 355]",,0.0,,0.45,,0.01,,0.15,,0.12,,0.18,
0.1,,"[36, 44, 260, 354]",,0.0,,0.43,,0.01,,0.16,,0.11,,0.19,
0.09,,"[36, 44, 260, 354]",,0.0,,0.43,,0.01,,0.16,,0.11,,0.19,
0.07,,"[36, 44, 260, 356]",,0.0,,0.43,,0.02,,0.16,,0.1,,0.23,
0.07,,"[35, 43, 261, 357]",,0.0,,0.41,,0.02,,0.18,,0.09,,0.24,
0.07,,"[36, 43, 261, 358]",,0.0,,0.4,,0.02,,0.23,,0.1,,0.18,
0.08,,"[28, 45, 267, 350]",,0.0,,0.47,,0.01,,0.14,,0.14,,0.16,
0.08,,"[26, 44, 268, 352]",,0.0,,0.42,,0.02,,0.17,,0.14,,0.18,
0.09,,"[26, 45, 268, 351]",,0.0,,0.37,,0.02,,0.18,,0.14,,0.2,
0.08,,"[26, 45, 268, 353]",,0.0,,0.32,,0.02,,0.23,,0.15,,0.2,
0.09,,"[26, 45, 268, 353]",,0.0,,0.33,,0.01,,0.21,,0.15,,0.21,
0.08,,"[27, 47, 268, 354]",,0.0,,0.39,,0.01,,0.19,,0.14,,0.19,
0.08,,"[27, 47, 267, 354]",,0.0,,0.38,,0.01,,0.19,,0.13,,0.2,
0.1,,"[27, 46, 268, 358]",,0.0,,0.31,,0.02,,0.23,,0.16,,0.18,
0.09,,"[27, 45, 268, 359]",,0.0,,0.26,,0.02,,0.26,,0.15,,0.22,
0.08,,"[28, 43, 266, 361]",,0.0,,0.18,,0.04,,0.41,,0.13,,0.16,
0.08,,"[28, 44, 267, 360]",,0.0,,0.19,,0.04,,0.37,,0.13,,0.19,
0.07,,"[29, 44, 265, 360]",,0.0,,0.16,,0.07,,0.38,,0.12,,0.21,
0.07,,"[29, 44, 265, 360]",,0.0,,0.16,,0.08,,0.39,,0.12,,0.2,
0.06,,"[29, 43, 266, 361]",,0.0,,0.13,,0.12,,0.48,,0.1,,0.1,
0.07,,"[29, 44, 266, 360]",,0.0,,0.14,,0.1,,0.44,,0.14,,0.11,
0.09,,"[29, 43, 266, 359]",,0.0,,0.19,,0.09,,0.37,,0.13,,0.13,
0.09,,"[29, 44, 266, 358]",,0.0,,0.15,,0.11,,0.37,,0.14,,0.15,
0.11,,"[28, 36, 267, 375]",,0.0,,0.18,,0.08,,0.4,,0.15,,0.08,
0.11,,"[28, 36, 267, 375]",,0.0,,0.19,,0.08,,0.38,,0.16,,0.09,
0.12,,"[28, 44, 267, 356]",,0.0,,0.18,,0.12,,0.29,,0.23,,0.07,
0.09,,"[27, 44, 268, 357]",,0.0,,0.15,,0.16,,0.3,,0.23,,0.07,
0.09,,"[28, 44, 268, 359]",,0.0,,0.12,,0.15,,0.39,,0.22,,0.03,
0.09,,"[28, 44, 268, 359]",,0.0,,0.11,,0.17,,0.39,,0.22,,0.03,
0.13,,"[29, 44, 266, 358]",,0.0,,0.12,,0.18,,0.29,,0.25,,0.03,
0.12,,"[29, 44, 266, 360]",,0.0,,0.09,,0.23,,0.3,,0.23,,0.04,
0.15,,"[30, 44, 265, 358]",,0.0,,0.14,,0.18,,0.24,,0.25,,0.03,
0.15,,"[29, 44, 267, 358]",,0.0,,0.14,,0.18,,0.25,,0.25,,0.03,
0.17,,"[30, 43, 265, 358]",,0.0,,0.15,,0.22,,0.2,,0.23,,0.03,
0.17,,"[30, 43, 265, 358]",,0.0,,0.15,,0.21,,0.2,,0.23,,0.03,
0.15,,"[28, 37, 268, 375]",,0.0,,0.11,,0.23,,0.28,,0.21,,0.03,
0.16,,"[28, 36, 268, 376]",,0.0,,0.1,,0.21,,0.31,,0.18,,0.02,
0.15,,"[29, 42, 266, 358]",,0.0,,0.12,,0.2,,0.31,,0.19,,0.03,
0.18,,"[29, 42, 265, 359]",,0.0,,0.12,,0.19,,0.24,,0.23,,0.03,
0.09,,"[28, 36, 268, 375]",,0.0,,0.07,,0.2,,0.48,,0.14,,0.03,
0.1,,"[29, 37, 267, 374]",,0.0,,0.11,,0.17,,0.4,,0.18,,0.04,
0.07,,"[29, 38, 268, 371]",,0.0,,0.11,,0.22,,0.4,,0.18,,0.02,
0.08,,"[29, 38, 268, 371]",,0.0,,0.11,,0.21,,0.39,,0.18,,0.02,
0.07,,"[27, 43, 269, 358]",,0.0,,0.11,,0.38,,0.27,,0.16,,0.02,
0.06,,"[27, 42, 269, 359]",,0.0,,0.1,,0.36,,0.27,,0.18,,0.02,
0.06,,"[28, 39, 268, 371]",,0.0,,0.12,,0.42,,0.22,,0.14,,0.03,
0.05,,"[28, 38, 269, 372]",,0.0,,0.11,,0.49,,0.21,,0.1,,0.03,
0.1,,"[29, 39, 269, 370]",,0.0,,0.19,,0.2,,0.27,,0.19,,0.05,
0.1,,"[30, 41, 267, 368]",,0.0,,0.19,,0.26,,0.26,,0.15,,0.05,
0.09,,"[40, 40, 264, 364]",,0.0,,0.19,,0.25,,0.3,,0.1,,0.06,
0.14,,"[23, 41, 273, 363]",,0.0,,0.21,,0.16,,0.18,,0.23,,0.07,
0.09,,"[39, 40, 265, 364]",,0.0,,0.25,,0.18,,0.29,,0.11,,0.08,
0.07,,"[39, 40, 265, 363]",,0.0,,0.23,,0.19,,0.31,,0.08,,0.12,
0.07,,"[27, 38, 267, 362]",,0.0,,0.28,,0.15,,0.2,,0.19,,0.11,
0.07,,"[23, 43, 274, 358]",,0.0,,0.26,,0.1,,0.32,,0.21,,0.04,
0.05,,"[27, 46, 269, 354]",,0.0,,0.11,,0.19,,0.51,,0.11,,0.03,
0.05,,"[27, 46, 269, 354]",,0.0,,0.11,,0.18,,0.51,,0.11,,0.03,
0.13,,"[27, 46, 269, 355]",,0.0,,0.17,,0.06,,0.48,,0.11,,0.06,
0.12,,"[27, 47, 268, 354]",,0.0,,0.22,,0.05,,0.41,,0.12,,0.07,
0.12,,"[35, 58, 263, 354]",,0.0,,0.25,,0.05,,0.32,,0.12,,0.14,
0.14,,"[35, 58, 263, 355]",,0.0,,0.22,,0.06,,0.36,,0.1,,0.12,
0.08,,"[37, 42, 263, 373]",,0.0,,0.41,,0.03,,0.08,,0.13,,0.28,
0.08,,"[37, 42, 263, 373]",,0.0,,0.41,,0.03,,0.07,,0.12,,0.29,
0.14,,"[28, 47, 268, 363]",,0.0,,0.37,,0.04,,0.08,,0.26,,0.11,
0.14,,"[28, 47, 268, 363]",,0.0,,0.38,,0.04,,0.08,,0.26,,0.11,
0.16,,"[29, 46, 268, 365]",,0.0,,0.42,,0.03,,0.05,,0.25,,0.09,
0.14,,"[27, 46, 270, 367]",,0.0,,0.35,,0.06,,0.09,,0.28,,0.08,
0.14,,"[29, 47, 268, 364]",,0.0,,0.35,,0.07,,0.08,,0.27,,0.09,
0.16,,"[26, 45, 270, 366]",,0.0,,0.37,,0.05,,0.07,,0.31,,0.04,
0.11,,"[26, 46, 270, 365]",,0.0,,0.26,,0.19,,0.15,,0.22,,0.07,
0.11,,"[25, 44, 271, 368]",,0.0,,0.27,,0.19,,0.14,,0.23,,0.06,
0.08,,"[24, 45, 272, 365]",,0.0,,0.27,,0.23,,0.18,,0.18,,0.06,
0.1,,"[24, 46, 272, 364]",,0.0,,0.31,,0.17,,0.18,,0.18,,0.06,
0.04,,"[21, 42, 273, 367]",,0.0,,0.25,,0.38,,0.17,,0.09,,0.07,
0.04,,"[21, 42, 273, 367]",,0.0,,0.25,,0.38,,0.17,,0.09,,0.07,
0.04,,"[23, 41, 272, 363]",,0.0,,0.35,,0.12,,0.12,,0.12,,0.24,
0.04,,"[23, 41, 272, 362]",,0.0,,0.37,,0.1,,0.12,,0.17,,0.2,
0.03,,"[22, 39, 272, 359]",,0.0,,0.17,,0.18,,0.29,,0.08,,0.26,
0.03,,"[22, 39, 272, 359]",,0.0,,0.17,,0.18,,0.29,,0.08,,0.25,
0.05,,"[22, 36, 271, 354]",,0.0,,0.14,,0.15,,0.59,,0.05,,0.03,
0.05,,"[22, 36, 272, 354]",,0.0,,0.14,,0.17,,0.58,,0.04,,0.03,
0.04,,"[23, 32, 273, 356]",,0.0,,0.1,,0.17,,0.61,,0.04,,0.03,
0.05,,"[23, 32, 273, 356]",,0.0,,0.1,,0.17,,0.6,,0.04,,0.03,
0.03,,"[19, 28, 275, 363]",,0.0,,0.2,,0.12,,0.33,,0.04,,0.28,
0.03,,"[19, 28, 275, 363]",,0.0,,0.21,,0.12,,0.32,,0.04,,0.28,
0.01,,"[21, 25, 272, 377]",,0.0,,0.14,,0.03,,0.01,,0.01,,0.78,
0.01,,"[21, 24, 272, 378]",,0.0,,0.14,,0.03,,0.01,,0.01,,0.8,
0.02,,"[12, 18, 274, 393]",,0.0,,0.2,,0.03,,0.0,,0.02,,0.73,
0.02,,"[12, 19, 275, 392]",,0.0,,0.22,,0.02,,0.0,,0.02,,0.71,
0.0,,"[9, 11, 276, 407]",,0.0,,0.03,,0.01,,0.0,,0.0,,0.96,
0.0,,"[9, 10, 276, 409]",,0.0,,0.04,,0.01,,0.0,,0.0,,0.95,
0.02,,"[17, 10, 282, 408]",,0.0,,0.09,,0.01,,0.0,,0.0,,0.87,
0.01,,"[17, 9, 282, 410]",,0.0,,0.08,,0.01,,0.0,,0.0,,0.89,
0.02,,"[-3, 7, 299, 416]",,0.0,,0.05,,0.01,,0.0,,0.0,,0.92,
0.02,,"[-3, 7, 299, 416]",,0.0,,0.05,,0.01,,0.0,,0.0,,0.92,
0.01,,"[20, 4, 283, 412]",,0.0,,0.06,,0.0,,0.0,,0.0,,0.91,
0.01,,"[19, 3, 284, 413]",,0.0,,0.07,,0.01,,0.0,,0.0,,0.91,
0.01,,"[11, 7, 278, 407]",,0.0,,0.02,,0.0,,0.0,,0.0,,0.97,
0.01,,"[11, 7, 278, 407]",,0.0,,0.02,,0.0,,0.0,,0.0,,0.97,
0.01,,"[17, 4, 274, 400]",,0.0,,0.02,,0.0,,0.0,,0.0,,0.97,
0.01,,"[17, 4, 274, 400]",,0.0,,0.02,,0.0,,0.0,,0.0,,0.97,
0.0,,"[12, -13, 281, 409]",,0.0,,0.02,,0.01,,0.0,,0.0,,0.97,
0.0,,"[12, -13, 281, 410]",,0.0,,0.02,,0.01,,0.0,,0.0,,0.96,
0.0,,"[7, -39, 287, 424]",,0.0,,0.08,,0.06,,0.0,,0.02,,0.84,
0.0,,"[7, -39, 287, 424]",,0.0,,0.08,,0.06,,0.0,,0.02,,0.84,
0.0,,"[31, -23, 264, 394]",,0.0,,0.1,,0.09,,0.0,,0.01,,0.8,
0.0,,"[31, -23, 264, 395]",,0.0,,0.1,,0.09,,0.0,,0.01,,0.79,
0.01,,"[18, -33, 268, 383]",,0.0,,0.14,,0.01,,0.0,,0.04,,0.8,
0.01,,"[18, -33, 268, 383]",,0.0,,0.14,,0.01,,0.0,,0.04,,0.8,
0.04,,"[20, -21, 264, 368]",,0.0,,0.15,,0.13,,0.01,,0.26,,0.41,
0.03,,"[20, -21, 263, 367]",,0.0,,0.14,,0.11,,0.01,,0.24,,0.48,
0.04,,"[11, -29, 270, 373]",,0.0,,0.15,,0.18,,0.02,,0.26,,0.34,
0.04,,"[11, -29, 270, 373]",,0.0,,0.15,,0.18,,0.02,,0.25,,0.35,
0.04,,"[6, -22, 272, 364]",,0.0,,0.1,,0.58,,0.01,,0.15,,0.11,
0.04,,"[6, -22, 271, 365]",,0.0,,0.08,,0.66,,0.02,,0.12,,0.08,
0.02,,"[-8, -26, 278, 366]",,0.0,,0.05,,0.68,,0.01,,0.1,,0.13,
0.01,,"[-5, -23, 276, 363]",,0.0,,0.07,,0.74,,0.01,,0.06,,0.11,
0.0,,"[-10, -9, 275, 355]",,0.0,,0.01,,0.95,,0.0,,0.0,,0.02,
0.0,,"[-10, -10, 275, 356]",,0.0,,0.01,,0.96,,0.0,,0.0,,0.01,
0.01,,"[-35, -25, 299, 386]",,0.0,,0.02,,0.93,,0.0,,0.01,,0.04,
0.0,,"[-26, -20, 286, 373]",,0.0,,0.01,,0.95,,0.0,,0.01,,0.03,
0.0,,"[-21, 0, 280, 356]",,0.0,,0.01,,0.93,,0.0,,0.0,,0.06,
0.0,,"[-21, 0, 280, 356]",,0.0,,0.01,,0.93,,0.0,,0.0,,0.06,
0.0,,"[-26, 2, 282, 360]",,0.0,,0.0,,0.98,,0.0,,0.0,,0.02,
0.0,,"[-26, 2, 281, 360]",,0.0,,0.0,,0.98,,0.0,,0.0,,0.02,
0.0,,"[-45, 4, 294, 358]",,0.0,,0.0,,0.99,,0.01,,0.0,,0.0,
0.0,,"[-45, 4, 293, 359]",,0.0,,0.0,,0.99,,0.01,,0.0,,0.0,
0.0,,"[-72, 6, 310, 368]",,0.0,,0.0,,0.99,,0.01,,0.0,,0.0,
0.0,,"[-71, 6, 309, 367]",,0.0,,0.0,,0.99,,0.01,,0.0,,0.0,
0.0,,"[-98, 4, 328, 387]",,0.0,,0.0,,0.94,,0.05,,0.0,,0.0,
0.0,,"[-99, 5, 329, 386]",,0.0,,0.0,,0.94,,0.05,,0.0,,0.0,
0.0,,"[-101, 7, 321, 387]",,0.0,,0.0,,0.92,,0.07,,0.0,,0.0,
0.0,,"[-102, 6, 323, 388]",,0.0,,0.0,,0.91,,0.08,,0.0,,0.0,
0.01,,"[-163, -15, 375, 428]",,0.0,,0.03,,0.73,,0.14,,0.02,,0.07,
0.01,,"[-163, -15, 376, 426]",,0.0,,0.03,,0.78,,0.14,,0.01,,0.03,
0.04,,"[-187, -29, 394, 444]",,0.0,,0.11,,0.55,,0.21,,0.08,,0.01,
0.04,,"[-187, -29, 394, 444]",,0.0,,0.11,,0.54,,0.22,,0.08,,0.01,
0.02,,"[-184, -31, 390, 437]",,0.0,,0.06,,0.53,,0.29,,0.07,,0.02,
0.02,,"[-183, -30, 390, 437]",,0.0,,0.06,,0.59,,0.23,,0.07,,0.02,
0.04,,"[-176, -33, 382, 436]",,0.0,,0.06,,0.37,,0.42,,0.08,,0.02,
0.04,,"[-176, -33, 382, 436]",,0.0,,0.06,,0.39,,0.41,,0.08,,0.02,
0.04,,"[-165, -31, 371, 434]",,0.0,,0.08,,0.55,,0.19,,0.09,,0.05,
0.04,,"[-166, -32, 372, 434]",,0.0,,0.09,,0.5,,0.22,,0.1,,0.04,
0.08,,"[-156, -29, 364, 437]",,0.0,,0.13,,0.33,,0.09,,0.19,,0.19,
0.08,,"[-156, -29, 364, 437]",,0.0,,0.13,,0.33,,0.09,,0.18,,0.19,
0.02,,"[-146, -35, 362, 446]",,0.0,,0.02,,0.71,,0.02,,0.02,,0.21,
0.01,,"[-146, -33, 362, 445]",,0.0,,0.02,,0.79,,0.02,,0.02,,0.14,
0.0,,"[-123, -18, 346, 430]",,0.0,,0.0,,0.92,,0.02,,0.0,,0.05,
0.0,,"[-123, -17, 346, 429]",,0.0,,0.0,,0.91,,0.02,,0.0,,0.06,
0.0,,"[-120, -17, 350, 433]",,0.0,,0.0,,0.96,,0.01,,0.0,,0.03,
0.0,,"[-120, -17, 350, 433]",,0.0,,0.0,,0.96,,0.01,,0.0,,0.03,
0.0,,"[-120, -10, 352, 430]",,0.0,,0.0,,0.96,,0.01,,0.0,,0.03,
0.0,,"[-88, 0, 320, 412]",,0.0,,0.0,,0.95,,0.01,,0.0,,0.03,
0.0,,"[-90, 1, 319, 411]",,0.0,,0.0,,0.95,,0.0,,0.0,,0.04,
0.0,,"[-90, 1, 320, 411]",,0.0,,0.0,,0.95,,0.0,,0.0,,0.04,
0.0,,"[-89, 1, 326, 414]",,0.0,,0.0,,0.97,,0.0,,0.0,,0.03,
0.0,,"[-117, -5, 351, 428]",,0.0,,0.0,,0.95,,0.01,,0.0,,0.03,
0.0,,"[-108, -2, 344, 425]",,0.0,,0.0,,0.96,,0.01,,0.0,,0.03,
0.0,,"[-107, -1, 344, 424]",,0.0,,0.0,,0.96,,0.01,,0.0,,0.03,
0.0,,"[-94, 0, 334, 422]",,0.0,,0.0,,0.95,,0.01,,0.0,,0.04,
0.0,,"[-93, 1, 334, 421]",,0.0,,0.0,,0.95,,0.01,,0.0,,0.04,
0.0,,"[-75, 5, 320, 406]",,0.0,,0.0,,0.96,,0.0,,0.0,,0.03,
0.0,,"[-75, 5, 320, 406]",,0.0,,0.0,,0.96,,0.0,,0.0,,0.03,
0.0,,"[-63, 3, 312, 403]",,0.0,,0.0,,0.97,,0.01,,0.0,,0.02,
0.0,,"[-63, 3, 312, 403]",,0.0,,0.0,,0.97,,0.01,,0.0,,0.02,
0.0,,"[-53, 6, 307, 394]",,0.0,,0.0,,0.98,,0.02,,0.0,,0.0,
0.0,,"[-53, 8, 307, 392]",,0.0,,0.0,,0.98,,0.02,,0.0,,0.0,
0.0,,"[-46, 9, 304, 390]",,0.0,,0.0,,0.98,,0.01,,0.0,,0.0,
0.0,,"[-46, 9, 304, 390]",,0.0,,0.0,,0.98,,0.01,,0.0,,0.0,
0.0,,"[-42, 13, 300, 383]",,0.0,,0.0,,0.99,,0.01,,0.0,,0.0,
0.0,,"[-45, 12, 303, 384]",,0.0,,0.0,,0.98,,0.02,,0.0,,0.0,
0.0,,"[-44, 12, 301, 385]",,0.0,,0.0,,0.99,,0.01,,0.0,,0.0,
0.0,,"[-44, 13, 301, 384]",,0.0,,0.0,,0.99,,0.01,,0.0,,0.0,
0.0,,"[-39, 14, 298, 380]",,0.0,,0.0,,0.99,,0.01,,0.0,,0.0,
0.0,,"[-38, 14, 297, 380]",,0.0,,0.0,,0.99,,0.01,,0.0,,0.0,
0.0,,"[-41, 11, 300, 381]",,0.0,,0.0,,0.98,,0.02,,0.0,,0.0,
0.0,,"[-41, 10, 300, 382]",,0.0,,0.0,,0.98,,0.02,,0.0,,0.01,
0.0,,"[-35, 13, 295, 377]",,0.0,,0.0,,0.98,,0.01,,0.0,,0.01,
0.0,,"[-36, 13, 296, 377]",,0.0,,0.0,,0.98,,0.01,,0.0,,0.01,
0.0,,"[-66, 3, 319, 388]",,0.0,,0.0,,0.97,,0.02,,0.0,,0.01,
0.0,,"[-66, 5, 319, 386]",,0.0,,0.0,,0.95,,0.04,,0.0,,0.01,
0.0,,"[-31, 12, 289, 373]",,0.0,,0.0,,0.94,,0.05,,0.0,,0.01,
0.0,,"[-31, 12, 289, 373]",,0.0,,0.0,,0.94,,0.05,,0.0,,0.01,
0.0,,"[-23, 17, 280, 363]",,0.0,,0.0,,0.97,,0.03,,0.0,,0.0,
0.0,,"[-25, 15, 283, 366]",,0.0,,0.0,,0.96,,0.04,,0.0,,0.0,
0.0,,"[-49, 7, 307, 378]",,0.0,,0.0,,0.94,,0.03,,0.0,,0.02,
0.0,,"[-49, 7, 307, 378]",,0.0,,0.0,,0.94,,0.03,,0.0,,0.02,
0.0,,"[-53, 7, 310, 379]",,0.0,,0.0,,0.95,,0.02,,0.0,,0.01,
0.0,,"[-53, 6, 310, 381]",,0.0,,0.0,,0.97,,0.02,,0.0,,0.01,
0.0,,"[-17, 19, 277, 359]",,0.0,,0.0,,0.98,,0.01,,0.0,,0.01,
0.0,,"[-18, 20, 277, 358]",,0.0,,0.0,,0.98,,0.01,,0.0,,0.0,
0.0,,"[-60, -3, 313, 384]",,0.0,,0.0,,0.98,,0.01,,0.0,,0.01,
0.0,,"[-18, 20, 278, 359]",,0.0,,0.0,,0.98,,0.01,,0.0,,0.01,
0.0,,"[-15, 21, 275, 358]",,0.0,,0.0,,0.98,,0.01,,0.0,,0.01,
0.0,,"[-15, 21, 275, 358]",,0.0,,0.0,,0.98,,0.01,,0.0,,0.01,
0.19,,"[28, 76, 253, 341]",,0.0,,0.39,,0.0,,0.19,,0.14,,0.09,
0.19,,"[28, 76, 253, 342]",,0.0,,0.39,,0.0,,0.21,,0.14,,0.07,
0.12,,"[29, 80, 251, 338]",,0.0,,0.55,,0.0,,0.11,,0.16,,0.05,
0.15,,"[28, 79, 252, 339]",,0.0,,0.53,,0.0,,0.12,,0.14,,0.06,
0.15,,"[28, 79, 252, 340]",,0.0,,0.52,,0.0,,0.1,,0.18,,0.05,
0.1,,"[29, 81, 250, 338]",,0.0,,0.6,,0.0,,0.07,,0.17,,0.05,
0.11,,"[28, 80, 252, 339]",,0.0,,0.57,,0.0,,0.08,,0.17,,0.06,
0.13,,"[27, 80, 252, 339]",,0.0,,0.56,,0.0,,0.07,,0.19,,0.05,
0.19,,"[28, 83, 250, 337]",,0.0,,0.47,,0.0,,0.12,,0.17,,0.05,
0.2,,"[30, 84, 250, 339]",,0.0,,0.38,,0.0,,0.22,,0.15,,0.04,
0.26,,"[29, 83, 250, 340]",,0.0,,0.34,,0.0,,0.18,,0.18,,0.04,
0.18,,"[32, 83, 249, 341]",,0.0,,0.47,,0.0,,0.16,,0.15,,0.04,
0.21,,"[31, 83, 249, 340]",,0.0,,0.4,,0.0,,0.2,,0.16,,0.04,
0.2,,"[32, 83, 249, 341]",,0.0,,0.43,,0.0,,0.18,,0.15,,0.04,
0.19,,"[31, 84, 249, 341]",,0.0,,0.37,,0.0,,0.24,,0.17,,0.03,
0.16,,"[31, 84, 250, 341]",,0.0,,0.37,,0.0,,0.25,,0.17,,0.04,
0.19,,"[31, 82, 249, 341]",,0.0,,0.5,,0.0,,0.12,,0.15,,0.05,
0.16,,"[32, 82, 247, 339]",,0.0,,0.55,,0.0,,0.08,,0.13,,0.09,
0.21,,"[30, 83, 249, 340]",,0.0,,0.42,,0.0,,0.15,,0.18,,0.05,
0.19,,"[30, 83, 249, 338]",,0.0,,0.53,,0.0,,0.08,,0.14,,0.06,
0.19,,"[31, 83, 248, 338]",,0.0,,0.53,,0.0,,0.08,,0.13,,0.06,
0.19,,"[31, 83, 248, 338]",,0.0,,0.53,,0.0,,0.08,,0.14,,0.06,
0.21,,"[31, 82, 249, 341]",,0.0,,0.45,,0.0,,0.11,,0.17,,0.06,
0.22,,"[31, 83, 248, 339]",,0.0,,0.44,,0.0,,0.12,,0.17,,0.05,
0.22,,"[30, 84, 248, 337]",,0.0,,0.41,,0.0,,0.14,,0.16,,0.06,
0.2,,"[30, 82, 249, 341]",,0.0,,0.42,,0.0,,0.15,,0.17,,0.06,
0.09,,"[32, 81, 247, 337]",,0.0,,0.6,,0.0,,0.07,,0.13,,0.11,
0.12,,"[31, 82, 247, 337]",,0.0,,0.56,,0.0,,0.08,,0.15,,0.09,
0.08,,"[34, 81, 246, 339]",,0.0,,0.66,,0.0,,0.07,,0.1,,0.1,
0.08,,"[34, 81, 246, 339]",,0.0,,0.65,,0.0,,0.07,,0.09,,0.1,
0.2,,"[32, 82, 247, 339]",,0.0,,0.48,,0.0,,0.11,,0.16,,0.05,
0.2,,"[32, 82, 247, 339]",,0.0,,0.49,,0.0,,0.11,,0.16,,0.05,
0.13,,"[31, 82, 248, 337]",,0.0,,0.53,,0.0,,0.12,,0.14,,0.08,
0.17,,"[32, 83, 247, 337]",,0.0,,0.46,,0.0,,0.16,,0.16,,0.05,
0.21,,"[32, 84, 247, 335]",,0.0,,0.4,,0.0,,0.16,,0.18,,0.05,
0.19,,"[33, 84, 246, 335]",,0.0,,0.46,,0.0,,0.15,,0.15,,0.05,
0.19,,"[32, 83, 247, 335]",,0.0,,0.5,,0.0,,0.1,,0.14,,0.07,
0.12,,"[31, 80, 249, 338]",,0.0,,0.56,,0.0,,0.09,,0.14,,0.1,
0.11,,"[34, 82, 246, 336]",,0.0,,0.59,,0.0,,0.07,,0.11,,0.12,
0.14,,"[33, 83, 247, 335]",,0.0,,0.53,,0.0,,0.09,,0.13,,0.1,
0.1,,"[35, 82, 246, 337]",,0.0,,0.56,,0.0,,0.12,,0.12,,0.09,
0.12,,"[33, 82, 247, 335]",,0.0,,0.55,,0.0,,0.07,,0.13,,0.13,
0.2,,"[32, 78, 249, 337]",,0.0,,0.44,,0.0,,0.09,,0.19,,0.07,
0.17,,"[32, 79, 249, 337]",,0.0,,0.45,,0.0,,0.13,,0.18,,0.07,
0.21,,"[32, 77, 249, 338]",,0.0,,0.41,,0.0,,0.1,,0.2,,0.08,
0.17,,"[33, 79, 247, 336]",,0.0,,0.47,,0.0,,0.1,,0.18,,0.09,
0.13,,"[32, 74, 250, 340]",,0.0,,0.43,,0.0,,0.11,,0.21,,0.12,
0.15,,"[33, 76, 248, 338]",,0.0,,0.41,,0.0,,0.1,,0.21,,0.12,
0.16,,"[33, 74, 248, 338]",,0.0,,0.42,,0.0,,0.09,,0.23,,0.09,
0.15,,"[33, 75, 248, 336]",,0.0,,0.41,,0.0,,0.09,,0.23,,0.12,
0.14,,"[36, 74, 246, 336]",,0.0,,0.42,,0.01,,0.16,,0.18,,0.1,
0.2,,"[35, 73, 247, 337]",,0.0,,0.39,,0.01,,0.18,,0.16,,0.06,
0.29,,"[35, 70, 247, 342]",,0.0,,0.3,,0.01,,0.22,,0.15,,0.03,
0.27,,"[35, 71, 247, 342]",,0.0,,0.33,,0.01,,0.19,,0.18,,0.02,
0.29,,"[35, 71, 247, 341]",,0.0,,0.28,,0.01,,0.21,,0.19,,0.01,
0.29,,"[35, 71, 246, 341]",,0.0,,0.26,,0.01,,0.23,,0.19,,0.01,
0.2,,"[36, 72, 247, 342]",,0.0,,0.3,,0.01,,0.28,,0.16,,0.05,
0.17,,"[36, 72, 246, 343]",,0.0,,0.28,,0.01,,0.31,,0.18,,0.05,
0.3,,"[33, 69, 249, 341]",,0.0,,0.23,,0.01,,0.31,,0.14,,0.01,
0.26,,"[33, 70, 249, 340]",,0.0,,0.24,,0.02,,0.33,,0.14,,0.01,
0.32,,"[29, 67, 254, 344]",,0.0,,0.17,,0.03,,0.4,,0.08,,0.01,
0.29,,"[30, 68, 253, 343]",,0.0,,0.2,,0.03,,0.37,,0.09,,0.01,
0.27,,"[31, 68, 252, 342]",,0.0,,0.22,,0.04,,0.35,,0.1,,0.02,
0.28,,"[31, 67, 251, 343]",,0.0,,0.18,,0.04,,0.41,,0.08,,0.01,
0.21,,"[34, 67, 249, 343]",,0.0,,0.21,,0.05,,0.4,,0.1,,0.02,
0.22,,"[34, 67, 249, 344]",,0.0,,0.19,,0.04,,0.42,,0.12,,0.02,
0.15,,"[36, 65, 249, 348]",,0.0,,0.14,,0.05,,0.54,,0.11,,0.02,
0.15,,"[35, 65, 250, 349]",,0.0,,0.14,,0.05,,0.52,,0.11,,0.03,
0.2,,"[37, 67, 250, 343]",,0.0,,0.27,,0.02,,0.35,,0.12,,0.05,
0.2,,"[37, 67, 250, 343]",,0.0,,0.27,,0.02,,0.34,,0.12,,0.05,
0.28,,"[44, 69, 245, 342]",,0.0,,0.37,,0.01,,0.1,,0.07,,0.18,
0.27,,"[45, 68, 245, 343]",,0.0,,0.34,,0.01,,0.11,,0.06,,0.21,
0.25,,"[45, 61, 250, 349]",,0.0,,0.36,,0.01,,0.01,,0.04,,0.34,
0.22,,"[42, 54, 253, 356]",,0.0,,0.33,,0.01,,0.03,,0.08,,0.34,
0.19,,"[48, 58, 251, 357]",,0.0,,0.33,,0.01,,0.01,,0.04,,0.42,
0.13,,"[49, 58, 251, 356]",,0.0,,0.33,,0.0,,0.02,,0.04,,0.47,
0.15,,"[53, 48, 252, 369]",,0.0,,0.23,,0.0,,0.01,,0.04,,0.57,
0.21,,"[53, 48, 251, 369]",,0.0,,0.21,,0.01,,0.01,,0.07,,0.49,
0.29,,"[58, 56, 250, 352]",,0.0,,0.34,,0.0,,0.01,,0.13,,0.22,
0.28,,"[58, 57, 250, 351]",,0.0,,0.33,,0.0,,0.01,,0.11,,0.26,
0.32,,"[58, 55, 253, 355]",,0.0,,0.27,,0.01,,0.04,,0.25,,0.11,
0.32,,"[58, 55, 253, 355]",,0.0,,0.27,,0.01,,0.04,,0.25,,0.11,
0.3,,"[60, 52, 252, 354]",,0.0,,0.24,,0.07,,0.06,,0.29,,0.04,
0.31,,"[61, 52, 251, 355]",,0.0,,0.24,,0.06,,0.06,,0.3,,0.03,
0.22,,"[66, 64, 246, 339]",,0.0,,0.27,,0.09,,0.1,,0.31,,0.01,
0.21,,"[66, 64, 246, 339]",,0.0,,0.27,,0.09,,0.11,,0.32,,0.01,
0.15,,"[69, 67, 246, 335]",,0.0,,0.18,,0.24,,0.17,,0.26,,0.0,
0.15,,"[69, 67, 246, 336]",,0.0,,0.17,,0.21,,0.19,,0.28,,0.0,
0.07,,"[72, 71, 245, 332]",,0.0,,0.12,,0.33,,0.33,,0.14,,0.0,
0.07,,"[73, 71, 244, 332]",,0.0,,0.11,,0.33,,0.34,,0.14,,0.0,
0.05,,"[74, 72, 245, 332]",,0.0,,0.09,,0.46,,0.28,,0.12,,0.0,
0.07,,"[74, 73, 245, 332]",,0.0,,0.1,,0.45,,0.27,,0.11,,0.0,
0.03,,"[75, 75, 245, 329]",,0.0,,0.06,,0.51,,0.31,,0.08,,0.0,
0.03,,"[74, 73, 246, 331]",,0.0,,0.07,,0.43,,0.35,,0.12,,0.0,
0.03,,"[79, 74, 242, 337]",,0.0,,0.06,,0.53,,0.24,,0.14,,0.0,
0.06,,"[79, 72, 242, 337]",,0.0,,0.12,,0.37,,0.25,,0.2,,0.0,
0.01,,"[78, 78, 244, 325]",,0.0,,0.03,,0.65,,0.27,,0.04,,0.0,
0.01,,"[78, 78, 244, 325]",,0.0,,0.03,,0.65,,0.27,,0.04,,0.0,
0.02,,"[78, 75, 244, 327]",,0.0,,0.04,,0.66,,0.18,,0.1,,0.0,
0.03,,"[77, 75, 245, 326]",,0.0,,0.05,,0.6,,0.21,,0.11,,0.0,
0.02,,"[77, 68, 246, 339]",,0.0,,0.05,,0.74,,0.08,,0.1,,0.0,
0.02,,"[76, 68, 248, 339]",,0.0,,0.05,,0.74,,0.08,,0.11,,0.0,
0.02,,"[77, 71, 243, 331]",,0.0,,0.03,,0.82,,0.03,,0.1,,0.01,
0.02,,"[82, 74, 236, 330]",,0.0,,0.04,,0.82,,0.04,,0.07,,0.01,
0.04,,"[77, 65, 240, 339]",,0.0,,0.05,,0.71,,0.03,,0.14,,0.02,
0.05,,"[78, 64, 239, 340]",,0.0,,0.07,,0.65,,0.03,,0.19,,0.02,
0.02,,"[72, 59, 248, 337]",,0.0,,0.07,,0.64,,0.02,,0.15,,0.09,
0.03,,"[72, 58, 249, 340]",,0.0,,0.07,,0.67,,0.02,,0.15,,0.06,
0.01,,"[71, 47, 245, 351]",,0.0,,0.01,,0.79,,0.0,,0.02,,0.17,
0.01,,"[71, 47, 245, 351]",,0.0,,0.01,,0.8,,0.0,,0.02,,0.16,
0.01,,"[67, 46, 247, 347]",,0.0,,0.01,,0.65,,0.0,,0.02,,0.32,
0.0,,"[67, 45, 248, 348]",,0.0,,0.01,,0.69,,0.0,,0.02,,0.28,
0.0,,"[63, 40, 250, 348]",,0.0,,0.01,,0.67,,0.0,,0.02,,0.3,
0.0,,"[64, 40, 248, 347]",,0.0,,0.01,,0.64,,0.0,,0.02,,0.32,
0.0,,"[62, 41, 249, 344]",,0.0,,0.01,,0.67,,0.0,,0.01,,0.32,
0.0,,"[62, 41, 249, 344]",,0.0,,0.01,,0.67,,0.0,,0.01,,0.32,
0.0,,"[63, 45, 247, 341]",,0.0,,0.01,,0.64,,0.0,,0.01,,0.33,
0.0,,"[62, 44, 248, 342]",,0.0,,0.01,,0.65,,0.0,,0.01,,0.32,
0.0,,"[61, 43, 247, 344]",,0.0,,0.0,,0.75,,0.0,,0.01,,0.23,
0.0,,"[61, 44, 247, 343]",,0.0,,0.01,,0.75,,0.0,,0.01,,0.23,
0.0,,"[61, 44, 246, 340]",,0.0,,0.01,,0.78,,0.0,,0.01,,0.2,
0.0,,"[61, 44, 247, 340]",,0.0,,0.0,,0.76,,0.0,,0.01,,0.22,
0.0,,"[60, 43, 247, 339]",,0.0,,0.0,,0.81,,0.0,,0.01,,0.17,
0.0,,"[60, 43, 247, 339]",,0.0,,0.0,,0.81,,0.0,,0.01,,0.17,
0.0,,"[59, 43, 247, 337]",,0.0,,0.01,,0.74,,0.0,,0.02,,0.24,
0.0,,"[59, 43, 247, 337]",,0.0,,0.01,,0.73,,0.0,,0.02,,0.24,
0.0,,"[58, 42, 247, 336]",,0.0,,0.01,,0.72,,0.0,,0.01,,0.25,
0.0,,"[58, 42, 247, 336]",,0.0,,0.01,,0.73,,0.0,,0.02,,0.25,
0.0,,"[55, 37, 250, 341]",,0.0,,0.0,,0.91,,0.0,,0.01,,0.08,
0.0,,"[56, 37, 249, 340]",,0.0,,0.0,,0.85,,0.0,,0.0,,0.14,
0.0,,"[54, 39, 247, 336]",,0.0,,0.0,,0.86,,0.0,,0.01,,0.12,
0.0,,"[54, 39, 247, 336]",,0.0,,0.0,,0.86,,0.0,,0.01,,0.12,
0.0,,"[52, 40, 248, 334]",,0.0,,0.0,,0.87,,0.0,,0.01,,0.11,
0.0,,"[52, 39, 247, 334]",,0.0,,0.01,,0.83,,0.01,,0.02,,0.13,
0.0,,"[49, 40, 248, 333]",,0.0,,0.0,,0.88,,0.0,,0.01,,0.1,
0.0,,"[50, 40, 247, 332]",,0.0,,0.0,,0.88,,0.0,,0.01,,0.1,
0.0,,"[46, 41, 249, 332]",,0.0,,0.0,,0.93,,0.0,,0.01,,0.06,
0.0,,"[47, 40, 248, 333]",,0.0,,0.0,,0.95,,0.0,,0.01,,0.04,
0.0,,"[46, 41, 245, 326]",,0.0,,0.01,,0.74,,0.01,,0.03,,0.21,
0.0,,"[45, 42, 247, 328]",,0.0,,0.0,,0.88,,0.01,,0.02,,0.1,
0.0,,"[47, 42, 244, 325]",,0.0,,0.01,,0.86,,0.01,,0.02,,0.11,
0.0,,"[44, 42, 248, 328]",,0.0,,0.0,,0.91,,0.01,,0.02,,0.07,
0.0,,"[46, 42, 245, 324]",,0.0,,0.01,,0.84,,0.01,,0.03,,0.11,
0.0,,"[47, 42, 246, 327]",,0.0,,0.0,,0.93,,0.01,,0.01,,0.05,
0.0,,"[47, 42, 246, 324]",,0.0,,0.01,,0.86,,0.01,,0.02,,0.11,
0.0,,"[46, 41, 246, 324]",,0.0,,0.01,,0.76,,0.01,,0.05,,0.17,
0.0,,"[48, 42, 246, 327]",,0.0,,0.0,,0.96,,0.0,,0.0,,0.03,
0.0,,"[47, 43, 246, 326]",,0.0,,0.0,,0.96,,0.0,,0.01,,0.03,
0.0,,"[47, 43, 246, 325]",,0.0,,0.0,,0.93,,0.01,,0.01,,0.05,
0.0,,"[47, 43, 246, 325]",,0.0,,0.0,,0.93,,0.01,,0.01,,0.05,
0.0,,"[49, 44, 244, 323]",,0.0,,0.0,,0.95,,0.01,,0.01,,0.03,
0.0,,"[49, 43, 244, 324]",,0.0,,0.0,,0.92,,0.01,,0.02,,0.05,
0.0,,"[49, 43, 245, 324]",,0.0,,0.0,,0.96,,0.01,,0.01,,0.03,
0.0,,"[49, 43, 245, 324]",,0.0,,0.0,,0.95,,0.01,,0.01,,0.03,
0.0,,"[49, 44, 245, 323]",,0.0,,0.0,,0.98,,0.0,,0.0,,0.01,
0.0,,"[51, 45, 239, 317]",,0.0,,0.0,,0.91,,0.01,,0.02,,0.06,
0.0,,"[49, 45, 244, 323]",,0.0,,0.0,,0.96,,0.0,,0.0,,0.03,
0.0,,"[49, 46, 244, 322]",,0.0,,0.0,,0.97,,0.0,,0.0,,0.03,
0.0,,"[51, 46, 241, 318]",,0.0,,0.0,,0.96,,0.0,,0.0,,0.03,
0.0,,"[51, 46, 241, 318]",,0.0,,0.0,,0.96,,0.0,,0.0,,0.03,
0.0,,"[54, 45, 239, 315]",,0.0,,0.0,,0.96,,0.0,,0.01,,0.03,
0.0,,"[54, 45, 239, 315]",,0.0,,0.0,,0.96,,0.0,,0.01,,0.03,
0.0,,"[54, 41, 236, 318]",,0.0,,0.0,,0.92,,0.0,,0.0,,0.08,
0.0,,"[54, 41, 235, 318]",,0.0,,0.0,,0.91,,0.0,,0.0,,0.08,
0.0,,"[56, 40, 236, 317]",,0.0,,0.01,,0.82,,0.0,,0.01,,0.17,
0.0,,"[56, 40, 236, 317]",,0.0,,0.01,,0.83,,0.0,,0.01,,0.16,
0.0,,"[63, 42, 229, 308]",,0.0,,0.02,,0.78,,0.01,,0.05,,0.14,
0.0,,"[63, 42, 230, 308]",,0.0,,0.02,,0.78,,0.01,,0.05,,0.14,
0.0,,"[65, 39, 230, 307]",,0.0,,0.02,,0.84,,0.01,,0.05,,0.07,
0.0,,"[65, 39, 230, 307]",,0.0,,0.02,,0.83,,0.01,,0.06,,0.08,
0.01,,"[68, 37, 233, 308]",,0.0,,0.05,,0.7,,0.01,,0.09,,0.14,
0.01,,"[68, 37, 233, 308]",,0.0,,0.05,,0.7,,0.01,,0.09,,0.14,
0.0,,"[71, 43, 228, 301]",,0.0,,0.02,,0.81,,0.01,,0.01,,0.14,
0.0,,"[71, 43, 228, 301]",,0.0,,0.02,,0.81,,0.01,,0.01,,0.14,
0.0,,"[74, 49, 221, 292]",,0.0,,0.01,,0.9,,0.01,,0.01,,0.08,
0.0,,"[74, 50, 221, 292]",,0.0,,0.01,,0.91,,0.01,,0.0,,0.07,
0.0,,"[81, 47, 224, 298]",,0.0,,0.02,,0.88,,0.01,,0.02,,0.06,
0.0,,"[81, 48, 223, 296]",,0.0,,0.02,,0.88,,0.01,,0.02,,0.06,
0.0,,"[82, 53, 218, 297]",,0.0,,0.01,,0.94,,0.0,,0.0,,0.04,
0.0,,"[82, 53, 218, 298]",,0.0,,0.01,,0.93,,0.0,,0.0,,0.05,
0.01,,"[86, 50, 220, 304]",,0.0,,0.03,,0.87,,0.0,,0.02,,0.07,
0.01,,"[86, 50, 220, 304]",,0.0,,0.03,,0.88,,0.0,,0.02,,0.07,
0.08,,"[95, 54, 220, 306]",,0.0,,0.04,,0.73,,0.0,,0.03,,0.12,
0.09,,"[95, 54, 220, 306]",,0.0,,0.04,,0.72,,0.0,,0.03,,0.12,
0.02,,"[106, 47, 224, 306]",,0.0,,0.02,,0.88,,0.0,,0.01,,0.08,
0.04,,"[106, 44, 222, 305]",,0.0,,0.07,,0.78,,0.0,,0.02,,0.09,
0.03,,"[113, 51, 223, 299]",,0.0,,0.02,,0.91,,0.0,,0.01,,0.03,
0.03,,"[113, 51, 223, 299]",,0.0,,0.02,,0.91,,0.0,,0.01,,0.03,
0.04,,"[120, 46, 226, 307]",,0.0,,0.03,,0.88,,0.0,,0.03,,0.01,
0.03,,"[120, 46, 225, 307]",,0.0,,0.02,,0.92,,0.0,,0.02,,0.01,
0.01,,"[128, 41, 223, 309]",,0.0,,0.01,,0.96,,0.0,,0.01,,0.01,
0.01,,"[128, 42, 223, 308]",,0.0,,0.02,,0.94,,0.0,,0.02,,0.01,
0.01,,"[129, 39, 225, 310]",,0.0,,0.01,,0.94,,0.0,,0.03,,0.0,
0.01,,"[129, 39, 225, 310]",,0.0,,0.01,,0.94,,0.0,,0.03,,0.0,
0.02,,"[130, 41, 225, 307]",,0.0,,0.03,,0.94,,0.0,,0.01,,0.0,
0.02,,"[130, 41, 225, 307]",,0.0,,0.03,,0.93,,0.0,,0.02,,0.0,
0.02,,"[121, 42, 229, 308]",,0.0,,0.01,,0.96,,0.0,,0.01,,0.0,
0.01,,"[121, 40, 229, 311]",,0.0,,0.01,,0.96,,0.0,,0.01,,0.0,
0.01,,"[120, 37, 222, 308]",,0.0,,0.03,,0.93,,0.0,,0.02,,0.01,
0.01,,"[119, 38, 222, 307]",,0.0,,0.03,,0.93,,0.0,,0.02,,0.01,
0.02,,"[117, 42, 221, 313]",,0.0,,0.03,,0.9,,0.0,,0.01,,0.03,
0.02,,"[116, 43, 221, 311]",,0.0,,0.02,,0.92,,0.0,,0.01,,0.03,
0.03,,"[117, 42, 226, 314]",,0.0,,0.08,,0.8,,0.01,,0.03,,0.05,
0.06,,"[115, 40, 227, 319]",,0.0,,0.06,,0.81,,0.01,,0.03,,0.04,
0.02,,"[117, 44, 232, 316]",,0.0,,0.03,,0.9,,0.0,,0.01,,0.04,
0.02,,"[119, 44, 230, 315]",,0.0,,0.04,,0.89,,0.0,,0.01,,0.04,
0.01,,"[131, 44, 224, 313]",,0.0,,0.03,,0.93,,0.0,,0.01,,0.02,
0.01,,"[131, 42, 225, 316]",,0.0,,0.03,,0.92,,0.0,,0.01,,0.03,
0.01,,"[140, 53, 227, 301]",,0.0,,0.03,,0.91,,0.0,,0.01,,0.03,
0.01,,"[140, 53, 227, 301]",,0.0,,0.04,,0.91,,0.0,,0.01,,0.03,
0.01,,"[144, 50, 226, 308]",,0.0,,0.1,,0.84,,0.0,,0.01,,0.03,
0.01,,"[144, 50, 225, 308]",,0.0,,0.1,,0.84,,0.0,,0.01,,0.03,
0.02,,"[131, 44, 234, 319]",,0.0,,0.04,,0.89,,0.0,,0.02,,0.03,
0.02,,"[132, 37, 237, 332]",,0.0,,0.04,,0.87,,0.01,,0.02,,0.04,
0.01,,"[121, 39, 240, 325]",,0.0,,0.07,,0.87,,0.0,,0.03,,0.02,
0.01,,"[122, 39, 239, 325]",,0.0,,0.06,,0.87,,0.0,,0.03,,0.02,
0.01,,"[111, 40, 236, 326]",,0.0,,0.05,,0.89,,0.0,,0.02,,0.02,
0.02,,"[111, 39, 236, 326]",,0.0,,0.04,,0.89,,0.0,,0.03,,0.02,
0.03,,"[105, 39, 238, 327]",,0.0,,0.11,,0.76,,0.0,,0.06,,0.03,
0.04,,"[106, 39, 237, 328]",,0.0,,0.1,,0.77,,0.0,,0.04,,0.05,
0.01,,"[105, 37, 242, 328]",,0.0,,0.05,,0.86,,0.01,,0.05,,0.03,
0.01,,"[105, 37, 241, 328]",,0.0,,0.05,,0.86,,0.01,,0.05,,0.03,
0.01,,"[107, 33, 247, 338]",,0.0,,0.06,,0.85,,0.01,,0.04,,0.03,
0.01,,"[107, 32, 247, 339]",,0.0,,0.05,,0.87,,0.01,,0.03,,0.02,
0.02,,"[117, 28, 251, 346]",,0.0,,0.06,,0.86,,0.01,,0.04,,0.02,
0.02,,"[118, 27, 251, 347]",,0.0,,0.06,,0.86,,0.01,,0.04,,0.02,
0.02,,"[126, 28, 252, 349]",,0.0,,0.08,,0.84,,0.01,,0.02,,0.03,
0.01,,"[126, 28, 252, 349]",,0.0,,0.07,,0.85,,0.01,,0.02,,0.03,
0.04,,"[127, 23, 256, 360]",,0.0,,0.19,,0.66,,0.02,,0.07,,0.02,
0.05,,"[128, 23, 255, 360]",,0.0,,0.24,,0.59,,0.02,,0.08,,0.03,
0.02,,"[125, 21, 255, 365]",,0.0,,0.13,,0.71,,0.01,,0.02,,0.1,
0.02,,"[124, 21, 256, 365]",,0.0,,0.12,,0.72,,0.01,,0.02,,0.1,
0.02,,"[110, 17, 265, 367]",,0.0,,0.14,,0.72,,0.01,,0.06,,0.05,
0.03,,"[111, 16, 265, 368]",,0.0,,0.14,,0.73,,0.01,,0.05,,0.05,
0.02,,"[101, 12, 267, 372]",,0.0,,0.2,,0.65,,0.01,,0.09,,0.03,
0.02,,"[102, 13, 266, 372]",,0.0,,0.16,,0.69,,0.01,,0.08,,0.03,
0.04,,"[98, 18, 266, 365]",,0.0,,0.06,,0.83,,0.01,,0.06,,0.01,
0.04,,"[98, 17, 266, 366]",,0.0,,0.07,,0.79,,0.01,,0.08,,0.01,
0.05,,"[100, 12, 268, 371]",,0.0,,0.07,,0.76,,0.01,,0.09,,0.01,
0.05,,"[100, 10, 268, 373]",,0.0,,0.09,,0.73,,0.01,,0.1,,0.01,
0.01,,"[102, 7, 273, 378]",,0.0,,0.04,,0.9,,0.01,,0.02,,0.02,
0.01,,"[101, 7, 274, 378]",,0.0,,0.03,,0.92,,0.01,,0.01,,0.02,
0.04,,"[113, -3, 272, 399]",,0.0,,0.06,,0.83,,0.01,,0.03,,0.02,
0.03,,"[111, -1, 273, 398]",,0.0,,0.04,,0.88,,0.01,,0.01,,0.03,
0.03,,"[114, 3, 277, 401]",,0.0,,0.03,,0.89,,0.01,,0.01,,0.03,
0.04,,"[113, 3, 278, 401]",,0.0,,0.03,,0.88,,0.01,,0.02,,0.03,
0.05,,"[105, 0, 286, 400]",,0.0,,0.12,,0.74,,0.01,,0.02,,0.05,
0.03,,"[105, 1, 286, 400]",,0.0,,0.1,,0.8,,0.01,,0.02,,0.04,
0.01,,"[103, 5, 285, 410]",,0.0,,0.01,,0.93,,0.01,,0.01,,0.03,
0.04,,"[102, 1, 292, 402]",,0.0,,0.08,,0.8,,0.01,,0.01,,0.07,
0.04,,"[100, 1, 290, 408]",,0.0,,0.07,,0.81,,0.01,,0.03,,0.04,
0.03,,"[99, -3, 287, 420]",,0.0,,0.03,,0.86,,0.01,,0.01,,0.06,
0.03,,"[98, -8, 294, 426]",,0.0,,0.03,,0.86,,0.01,,0.02,,0.05,
0.03,,"[98, -8, 294, 426]",,0.0,,0.03,,0.87,,0.01,,0.02,,0.05,
0.05,,"[98, -13, 296, 428]",,0.0,,0.09,,0.72,,0.02,,0.03,,0.1,
0.03,,"[98, -12, 296, 427]",,0.0,,0.07,,0.76,,0.02,,0.02,,0.1,
0.05,,"[99, -15, 300, 422]",,0.0,,0.12,,0.69,,0.01,,0.04,,0.1,
0.06,,"[99, -14, 300, 422]",,0.0,,0.15,,0.63,,0.01,,0.05,,0.11,
0.02,,"[98, -7, 298, 406]",,0.0,,0.04,,0.83,,0.0,,0.03,,0.07,
0.02,,"[98, -8, 296, 407]",,0.0,,0.03,,0.86,,0.0,,0.02,,0.07,
0.03,,"[97, -12, 292, 415]",,0.0,,0.04,,0.83,,0.0,,0.04,,0.06,
0.03,,"[100, -10, 291, 411]",,0.0,,0.04,,0.83,,0.0,,0.05,,0.05,
0.01,,"[102, -13, 287, 404]",,0.0,,0.03,,0.84,,0.01,,0.06,,0.05,
0.02,,"[102, -14, 289, 405]",,0.0,,0.03,,0.8,,0.01,,0.08,,0.07,
0.0,,"[99, -5, 284, 392]",,0.0,,0.01,,0.97,,0.01,,0.01,,0.01,
0.0,,"[100, -5, 283, 392]",,0.0,,0.01,,0.96,,0.01,,0.01,,0.01,
0.0,,"[90, -7, 286, 394]",,0.0,,0.01,,0.97,,0.02,,0.0,,0.0,
0.0,,"[91, -5, 285, 391]",,0.0,,0.01,,0.96,,0.02,,0.0,,0.0,
0.0,,"[83, -12, 280, 384]",,0.0,,0.0,,0.83,,0.16,,0.0,,0.0,
0.0,,"[83, -12, 280, 385]",,0.0,,0.01,,0.83,,0.16,,0.0,,0.0,
0.0,,"[73, -7, 285, 379]",,0.0,,0.0,,0.84,,0.16,,0.0,,0.0,
0.0,,"[73, -7, 285, 379]",,0.0,,0.0,,0.85,,0.14,,0.0,,0.0,
0.0,,"[72, -1, 275, 363]",,0.0,,0.0,,0.81,,0.18,,0.0,,0.0,
0.0,,"[71, 0, 275, 362]",,0.0,,0.0,,0.84,,0.15,,0.0,,0.0,
0.0,,"[71, -4, 276, 367]",,0.0,,0.01,,0.81,,0.18,,0.01,,0.0,
0.0,,"[70, -4, 277, 369]",,0.0,,0.0,,0.85,,0.14,,0.0,,0.0,
0.0,,"[69, -3, 274, 362]",,0.0,,0.0,,0.78,,0.21,,0.0,,0.0,
0.0,,"[69, -1, 274, 360]",,0.0,,0.01,,0.77,,0.22,,0.0,,0.0,
0.0,,"[68, -2, 270, 364]",,0.0,,0.01,,0.78,,0.2,,0.0,,0.0,
0.0,,"[68, -3, 271, 364]",,0.0,,0.01,,0.76,,0.22,,0.01,,0.0,
0.0,,"[64, 5, 271, 358]",,0.0,,0.01,,0.81,,0.17,,0.0,,0.0,
0.0,,"[64, 5, 271, 357]",,0.0,,0.01,,0.76,,0.22,,0.01,,0.0,
0.0,,"[64, 12, 267, 350]",,0.0,,0.0,,0.84,,0.15,,0.0,,0.0,
0.0,,"[64, 13, 266, 349]",,0.0,,0.0,,0.85,,0.15,,0.0,,0.0,
0.0,,"[63, 13, 266, 353]",,0.0,,0.01,,0.86,,0.13,,0.0,,0.0,
0.0,,"[63, 13, 266, 353]",,0.0,,0.01,,0.87,,0.12,,0.0,,0.0,
0.0,,"[62, 23, 264, 346]",,0.0,,0.0,,0.94,,0.05,,0.0,,0.0,
0.0,,"[61, 24, 265, 345]",,0.0,,0.0,,0.93,,0.06,,0.0,,0.0,
0.0,,"[65, 28, 256, 344]",,0.0,,0.0,,0.92,,0.07,,0.0,,0.0,
0.0,,"[65, 28, 256, 343]",,0.0,,0.0,,0.92,,0.07,,0.0,,0.0,
0.0,,"[64, 36, 253, 337]",,0.0,,0.01,,0.93,,0.06,,0.0,,0.0,
0.0,,"[62, 31, 256, 340]",,0.0,,0.01,,0.88,,0.1,,0.01,,0.0,
0.0,,"[63, 42, 250, 331]",,0.0,,0.01,,0.9,,0.09,,0.0,,0.0,
0.0,,"[63, 41, 250, 332]",,0.0,,0.01,,0.87,,0.11,,0.01,,0.0,
0.0,,"[62, 51, 243, 318]",,0.0,,0.01,,0.9,,0.08,,0.0,,0.0,
0.0,,"[62, 51, 243, 318]",,0.0,,0.01,,0.91,,0.08,,0.0,,0.0,
0.0,,"[64, 60, 238, 314]",,0.0,,0.0,,0.95,,0.05,,0.0,,0.0,
0.0,,"[64, 61, 239, 312]",,0.0,,0.0,,0.95,,0.05,,0.0,,0.0,
0.0,,"[62, 68, 235, 308]",,0.0,,0.0,,0.94,,0.06,,0.0,,0.0,
0.0,,"[62, 68, 235, 308]",,0.0,,0.0,,0.93,,0.06,,0.0,,0.0,
0.0,,"[60, 79, 228, 298]",,0.0,,0.0,,0.96,,0.04,,0.0,,0.0,
0.0,,"[60, 78, 228, 298]",,0.0,,0.0,,0.95,,0.04,,0.0,,0.0,
0.0,,"[53, 84, 231, 296]",,0.0,,0.0,,0.95,,0.05,,0.0,,0.0,
0.0,,"[53, 85, 231, 294]",,0.0,,0.0,,0.94,,0.05,,0.0,,0.0,
0.0,,"[48, 91, 229, 289]",,0.0,,0.0,,0.92,,0.07,,0.0,,0.0,
0.0,,"[48, 91, 229, 288]",,0.0,,0.0,,0.92,,0.07,,0.0,,0.0,
0.0,,"[42, 98, 224, 282]",,0.0,,0.0,,0.88,,0.11,,0.0,,0.0,
0.0,,"[42, 99, 225, 281]",,0.0,,0.0,,0.89,,0.1,,0.0,,0.0,
0.0,,"[33, 107, 221, 272]",,0.0,,0.0,,0.87,,0.12,,0.0,,0.0,
0.0,,"[33, 108, 221, 271]",,0.0,,0.0,,0.87,,0.13,,0.0,,0.0,
0.0,,"[26, 111, 221, 271]",,0.0,,0.0,,0.89,,0.1,,0.0,,0.0,
0.0,,"[26, 112, 221, 271]",,0.0,,0.0,,0.91,,0.08,,0.0,,0.0,
0.0,,"[21, 116, 221, 270]",,0.0,,0.0,,0.9,,0.1,,0.0,,0.0,
0.0,,"[21, 115, 221, 271]",,0.0,,0.0,,0.9,,0.1,,0.0,,0.0,
0.0,,"[6, 111, 231, 284]",,0.0,,0.0,,0.84,,0.14,,0.01,,0.0,
0.0,,"[6, 111, 231, 284]",,0.0,,0.0,,0.83,,0.15,,0.01,,0.0,
0.0,,"[-4, 107, 234, 289]",,0.0,,0.0,,0.89,,0.09,,0.01,,0.0,
0.0,,"[-3, 108, 233, 287]",,0.0,,0.0,,0.92,,0.07,,0.01,,0.0,
0.0,,"[-9, 108, 237, 290]",,0.0,,0.0,,0.93,,0.06,,0.0,,0.0,
0.0,,"[-9, 108, 237, 289]",,0.0,,0.0,,0.93,,0.06,,0.0,,0.0,
0.0,,"[-12, 109, 240, 292]",,0.0,,0.0,,0.88,,0.11,,0.0,,0.0,
0.0,,"[-11, 110, 239, 290]",,0.0,,0.0,,0.88,,0.11,,0.0,,0.0,
0.0,,"[-2, 107, 233, 291]",,0.0,,0.01,,0.9,,0.08,,0.01,,0.0,
0.0,,"[-3, 107, 235, 290]",,0.0,,0.01,,0.89,,0.09,,0.01,,0.0,
0.0,,"[5, 104, 231, 290]",,0.0,,0.01,,0.85,,0.13,,0.01,,0.0,
0.0,,"[24, 119, 210, 267]",,0.0,,0.0,,0.91,,0.09,,0.0,,0.0,
0.0,,"[28, 119, 212, 262]",,0.0,,0.01,,0.86,,0.13,,0.0,,0.0,
0.0,,"[28, 119, 212, 262]",,0.0,,0.0,,0.86,,0.13,,0.0,,0.0,
0.0,,"[33, 113, 212, 265]",,0.0,,0.01,,0.79,,0.19,,0.0,,0.0,
0.0,,"[33, 113, 212, 265]",,0.0,,0.01,,0.79,,0.2,,0.0,,0.0,
0.0,,"[39, 105, 215, 271]",,0.0,,0.01,,0.78,,0.21,,0.0,,0.0,
0.01,,"[38, 106, 216, 270]",,0.0,,0.01,,0.74,,0.24,,0.0,,0.0,
0.01,,"[43, 96, 216, 279]",,0.0,,0.01,,0.61,,0.35,,0.02,,0.0,
0.01,,"[44, 97, 216, 277]",,0.0,,0.02,,0.61,,0.34,,0.02,,0.0,
0.01,,"[47, 94, 217, 277]",,0.0,,0.04,,0.46,,0.45,,0.03,,0.01,
0.02,,"[47, 94, 217, 278]",,0.0,,0.05,,0.45,,0.43,,0.05,,0.01,
0.03,,"[48, 90, 218, 281]",,0.0,,0.1,,0.22,,0.58,,0.06,,0.01,
0.03,,"[47, 89, 220, 283]",,0.0,,0.13,,0.2,,0.53,,0.09,,0.01,
0.04,,"[49, 89, 216, 278]",,0.0,,0.15,,0.22,,0.51,,0.06,,0.02,
0.04,,"[48, 88, 217, 280]",,0.0,,0.2,,0.19,,0.49,,0.06,,0.02,
0.04,,"[48, 87, 220, 277]",,0.0,,0.15,,0.24,,0.46,,0.06,,0.05,
0.04,,"[48, 87, 220, 278]",,0.0,,0.12,,0.29,,0.45,,0.07,,0.03,
0.02,,"[51, 85, 218, 275]",,0.0,,0.1,,0.25,,0.55,,0.05,,0.03,
0.02,,"[51, 85, 218, 276]",,0.0,,0.12,,0.28,,0.5,,0.05,,0.03,
0.03,,"[54, 78, 222, 282]",,0.0,,0.1,,0.23,,0.58,,0.06,,0.02,
0.03,,"[54, 78, 222, 282]",,0.0,,0.11,,0.23,,0.56,,0.06,,0.02,
0.01,,"[57, 76, 221, 277]",,0.0,,0.04,,0.08,,0.82,,0.03,,0.01,
0.01,,"[57, 76, 221, 277]",,0.0,,0.04,,0.07,,0.82,,0.03,,0.01,
0.02,,"[61, 72, 223, 280]",,0.0,,0.05,,0.06,,0.79,,0.04,,0.04,
0.02,,"[61, 74, 222, 278]",,0.0,,0.05,,0.08,,0.76,,0.05,,0.03,
0.02,,"[62, 74, 223, 279]",,0.0,,0.05,,0.05,,0.77,,0.07,,0.03,
0.02,,"[61, 73, 223, 280]",,0.0,,0.06,,0.06,,0.77,,0.07,,0.03,
0.02,,"[63, 71, 223, 282]",,0.0,,0.08,,0.04,,0.74,,0.08,,0.04,
0.03,,"[63, 72, 223, 281]",,0.0,,0.1,,0.03,,0.7,,0.09,,0.05,
0.03,,"[59, 70, 228, 289]",,0.0,,0.08,,0.05,,0.75,,0.07,,0.03,
0.03,,"[59, 71, 228, 288]",,0.0,,0.1,,0.06,,0.7,,0.08,,0.03,
0.02,,"[57, 71, 231, 291]",,0.0,,0.09,,0.04,,0.76,,0.07,,0.02,
0.02,,"[57, 71, 231, 292]",,0.0,,0.1,,0.05,,0.74,,0.07,,0.02,
0.04,,"[52, 69, 233, 298]",,0.0,,0.09,,0.05,,0.7,,0.1,,0.02,
0.04,,"[52, 70, 233, 297]",,0.0,,0.08,,0.05,,0.74,,0.08,,0.02,
0.04,,"[53, 67, 229, 299]",,0.0,,0.09,,0.03,,0.69,,0.11,,0.03,
0.04,,"[53, 67, 229, 299]",,0.0,,0.09,,0.03,,0.7,,0.11,,0.03,
0.04,,"[50, 69, 229, 298]",,0.0,,0.07,,0.05,,0.75,,0.08,,0.02,
0.04,,"[50, 68, 230, 299]",,0.0,,0.08,,0.06,,0.71,,0.09,,0.02,
0.03,,"[46, 69, 236, 307]",,0.0,,0.08,,0.03,,0.76,,0.08,,0.02,
0.02,,"[46, 69, 235, 306]",,0.0,,0.07,,0.04,,0.79,,0.07,,0.01,
0.03,,"[47, 68, 236, 309]",,0.0,,0.11,,0.05,,0.7,,0.09,,0.03,
0.03,,"[45, 69, 236, 308]",,0.0,,0.09,,0.03,,0.76,,0.08,,0.01,
0.04,,"[48, 69, 238, 309]",,0.0,,0.09,,0.04,,0.7,,0.11,,0.02,
0.04,,"[47, 68, 240, 311]",,0.0,,0.09,,0.04,,0.7,,0.11,,0.02,
0.02,,"[45, 69, 236, 308]",,0.0,,0.09,,0.06,,0.75,,0.07,,0.02,
0.02,,"[45, 69, 235, 309]",,0.0,,0.08,,0.06,,0.76,,0.07,,0.02,
0.02,,"[44, 69, 236, 308]",,0.0,,0.06,,0.05,,0.79,,0.06,,0.01,
0.02,,"[44, 69, 236, 309]",,0.0,,0.05,,0.05,,0.8,,0.06,,0.01,
0.07,,"[45, 64, 235, 308]",,0.0,,0.17,,0.06,,0.47,,0.2,,0.03,
0.07,,"[45, 64, 235, 308]",,0.0,,0.16,,0.06,,0.47,,0.2,,0.04,
0.03,,"[42, 68, 235, 306]",,0.0,,0.06,,0.04,,0.79,,0.07,,0.01,
0.02,,"[42, 69, 235, 305]",,0.0,,0.05,,0.04,,0.81,,0.05,,0.01,
0.02,,"[39, 67, 237, 307]",,0.0,,0.06,,0.04,,0.81,,0.05,,0.01,
0.02,,"[40, 68, 236, 306]",,0.0,,0.05,,0.05,,0.82,,0.05,,0.01,
0.03,,"[38, 65, 237, 308]",,0.0,,0.06,,0.05,,0.79,,0.06,,0.01,
0.03,,"[39, 65, 236, 308]",,0.0,,0.06,,0.05,,0.79,,0.06,,0.01,
0.04,,"[36, 66, 237, 308]",,0.0,,0.08,,0.07,,0.74,,0.07,,0.0,
0.03,,"[36, 66, 237, 307]",,0.0,,0.07,,0.08,,0.75,,0.06,,0.0,
0.07,,"[35, 64, 238, 309]",,0.0,,0.12,,0.09,,0.6,,0.11,,0.0,
0.08,,"[36, 67, 235, 306]",,0.0,,0.11,,0.08,,0.63,,0.09,,0.0,
0.06,,"[28, 70, 242, 305]",,0.0,,0.08,,0.05,,0.75,,0.07,,0.0,
0.08,,"[35, 64, 238, 309]",,0.0,,0.12,,0.08,,0.59,,0.13,,0.0,
0.06,,"[23, 66, 246, 310]",,0.0,,0.05,,0.05,,0.75,,0.08,,0.0,
0.06,,"[33, 63, 241, 311]",,0.0,,0.08,,0.08,,0.68,,0.1,,0.0,
0.04,,"[30, 61, 245, 314]",,0.0,,0.06,,0.1,,0.72,,0.08,,0.0,
0.04,,"[30, 61, 245, 314]",,0.0,,0.06,,0.09,,0.73,,0.08,,0.0,
0.04,,"[31, 64, 244, 310]",,0.0,,0.06,,0.1,,0.75,,0.06,,0.0,
0.03,,"[32, 64, 243, 309]",,0.0,,0.05,,0.12,,0.76,,0.05,,0.0,
0.03,,"[29, 60, 248, 317]",,0.0,,0.06,,0.06,,0.76,,0.08,,0.0,
0.03,,"[31, 60, 246, 317]",,0.0,,0.07,,0.05,,0.78,,0.07,,0.0,
0.03,,"[20, 63, 251, 316]",,0.0,,0.04,,0.08,,0.82,,0.04,,0.0,
0.03,,"[20, 63, 252, 316]",,0.0,,0.04,,0.09,,0.8,,0.04,,0.0,
0.03,,"[18, 59, 255, 323]",,0.0,,0.07,,0.06,,0.77,,0.06,,0.0,
0.04,,"[18, 59, 255, 323]",,0.0,,0.07,,0.07,,0.77,,0.06,,0.0,
0.02,,"[19, 58, 256, 323]",,0.0,,0.05,,0.1,,0.77,,0.05,,0.0,
0.03,,"[18, 56, 257, 326]",,0.0,,0.05,,0.09,,0.78,,0.05,,0.0,
0.03,,"[18, 55, 259, 326]",,0.0,,0.06,,0.09,,0.76,,0.06,,0.0,
0.03,,"[18, 57, 257, 324]",,0.0,,0.06,,0.11,,0.75,,0.05,,0.0,
0.03,,"[19, 59, 258, 325]",,0.0,,0.03,,0.23,,0.68,,0.03,,0.0,
0.03,,"[20, 59, 257, 325]",,0.0,,0.03,,0.22,,0.69,,0.03,,0.0,
0.02,,"[36, 55, 248, 322]",,0.0,,0.05,,0.28,,0.61,,0.04,,0.0,
0.02,,"[36, 57, 247, 319]",,0.0,,0.04,,0.34,,0.58,,0.02,,0.0,
0.03,,"[29, 49, 260, 337]",,0.0,,0.11,,0.34,,0.35,,0.16,,0.01,
0.03,,"[29, 49, 260, 337]",,0.0,,0.11,,0.34,,0.36,,0.16,,0.01,
0.04,,"[35, 46, 260, 344]",,0.0,,0.34,,0.12,,0.1,,0.39,,0.02,
0.04,,"[35, 46, 260, 344]",,0.0,,0.34,,0.12,,0.1,,0.38,,0.02,
0.02,,"[33, 47, 263, 347]",,0.0,,0.17,,0.5,,0.06,,0.24,,0.01,
0.05,,"[40, 43, 260, 348]",,0.0,,0.42,,0.07,,0.04,,0.4,,0.01,
0.01,,"[34, 43, 265, 355]",,0.0,,0.13,,0.55,,0.05,,0.24,,0.01,
0.01,,"[34, 43, 265, 355]",,0.0,,0.13,,0.54,,0.05,,0.25,,0.01,
0.03,,"[42, 44, 261, 352]",,0.0,,0.31,,0.19,,0.03,,0.44,,0.01,
0.03,,"[41, 44, 263, 352]",,0.0,,0.31,,0.19,,0.03,,0.45,,0.01,
0.01,,"[36, 50, 262, 354]",,0.0,,0.02,,0.9,,0.02,,0.05,,0.0,
0.01,,"[35, 50, 263, 355]",,0.0,,0.01,,0.92,,0.02,,0.04,,0.0,
0.02,,"[38, 46, 266, 359]",,0.0,,0.06,,0.76,,0.05,,0.12,,0.0,
0.01,,"[38, 47, 265, 358]",,0.0,,0.03,,0.84,,0.04,,0.07,,0.0,
0.04,,"[41, 45, 268, 356]",,0.0,,0.1,,0.64,,0.08,,0.13,,0.0,
0.04,,"[42, 46, 267, 354]",,0.0,,0.06,,0.72,,0.09,,0.09,,0.0,
0.03,,"[39, 44, 270, 356]",,0.0,,0.05,,0.73,,0.12,,0.08,,0.0,
0.02,,"[40, 43, 271, 359]",,0.0,,0.04,,0.73,,0.13,,0.08,,0.0,
0.01,,"[37, 40, 269, 362]",,0.0,,0.03,,0.69,,0.2,,0.07,,0.0,
0.01,,"[38, 41, 268, 361]",,0.0,,0.02,,0.73,,0.18,,0.06,,0.0,
0.01,,"[33, 40, 272, 359]",,0.0,,0.01,,0.78,,0.17,,0.03,,0.0,
0.01,,"[41, 43, 264, 356]",,0.0,,0.01,,0.83,,0.14,,0.01,,0.0,
0.0,,"[14, 34, 290, 368]",,0.0,,0.01,,0.89,,0.09,,0.01,,0.0,
0.0,,"[38, 38, 269, 361]",,0.0,,0.01,,0.91,,0.06,,0.02,,0.0,
0.0,,"[31, 34, 275, 362]",,0.0,,0.02,,0.92,,0.02,,0.03,,0.0,
0.0,,"[30, 32, 276, 364]",,0.0,,0.02,,0.9,,0.03,,0.04,,0.0,
0.0,,"[3, 30, 292, 373]",,0.0,,0.0,,0.98,,0.0,,0.0,,0.01,
0.0,,"[2, 29, 292, 375]",,0.0,,0.0,,0.98,,0.0,,0.0,,0.01,
